-- MediTrack seed file generated from local Prisma database
-- Passwords are hashed with bcrypt. Default password for all users is: 12345678

BEGIN;

-- Temporarily disable triggers (FK checks) to allow flexible import order
SET session_replication_role = replica;

-- auth.users MUST exist before public.users (FK reference)
-- Auto-generated auth.users inserts for migrated users
DELETE FROM auth.users WHERE email = 'admin@nms.ug';
INSERT INTO auth.users (instance_id, id, aud, role, email, encrypted_password, email_confirmed_at, created_at, updated_at) VALUES ('00000000-0000-0000-0000-000000000000', '6aa768bc-5b03-4bd9-8f20-a8aae338a24d', 'authenticated', 'authenticated', 'admin@nms.ug', '$2b$12$hV9OSFm8CjxCHGRtTCHC3uIImi76YOEhtpwr3uO/2doAQpi1levjq', now(), now(), now());
DELETE FROM auth.users WHERE email = 'dho@wakiso.ug';
INSERT INTO auth.users (instance_id, id, aud, role, email, encrypted_password, email_confirmed_at, created_at, updated_at) VALUES ('00000000-0000-0000-0000-000000000000', '31f846bd-8548-4cdf-877a-3247703c49ef', 'authenticated', 'authenticated', 'dho@wakiso.ug', '$2b$12$hV9OSFm8CjxCHGRtTCHC3uIImi76YOEhtpwr3uO/2doAQpi1levjq', now(), now(), now());
DELETE FROM auth.users WHERE email = 'pharmacist@gayaza.ug';
INSERT INTO auth.users (instance_id, id, aud, role, email, encrypted_password, email_confirmed_at, created_at, updated_at) VALUES ('00000000-0000-0000-0000-000000000000', '9e89324e-9f5a-45a3-a212-edd7d72adbdf', 'authenticated', 'authenticated', 'pharmacist@gayaza.ug', '$2b$12$hV9OSFm8CjxCHGRtTCHC3uIImi76YOEhtpwr3uO/2doAQpi1levjq', now(), now(), now());


-- Truncate existing data and reseed (safe because FKs are disabled)
TRUNCATE public.sms_logs, public.audit_logs, public.resupply_requests, public.alerts, public.stock_entries, public.thresholds, public.users, public.facilities, public.drugs, public.districts RESTART IDENTITY CASCADE;

-- Table: districts
INSERT INTO public.districts VALUES ('ace73107-bf59-4f8d-9e91-af3e3f35a48e', 'Wakiso', 'Central', '2026-06-09 11:53:41.043');
INSERT INTO public.districts VALUES ('f2ae5b47-ed5b-4f81-a905-13a4334a1baf', 'Kampala', 'Central', '2026-06-09 12:29:31.286');
INSERT INTO public.districts VALUES ('1c29c944-9c79-4f64-8d17-9cda6eb7c223', 'Mukono', 'Central', '2026-06-09 12:29:31.315');

-- Table: drugs
INSERT INTO public.drugs VALUES ('bb3d1a88-c916-409c-b9d4-cc04c85655ad', 'Amoxicillin 250mg', 'Amoxicillin', 'ANTIBIOTIC', 'tablets', 'EMHS-001', NULL, '2026-06-09 12:29:31.402');
INSERT INTO public.drugs VALUES ('e84405c2-1dfe-4c5e-92f0-c21373289a00', 'Amoxicillin 500mg', 'Amoxicillin', 'ANTIBIOTIC', 'tablets', 'EMHS-002', NULL, '2026-06-09 12:29:31.537');
INSERT INTO public.drugs VALUES ('33aaecdc-0e48-4cbd-9935-2e1dc3c11027', 'Co-trimoxazole 480mg', 'Co-trimoxazole', 'ANTIBIOTIC', 'tablets', 'EMHS-003', NULL, '2026-06-09 12:29:31.54');
INSERT INTO public.drugs VALUES ('cf1c1ea2-a5bc-4e77-b8f9-40a336f0f821', 'Metronidazole 400mg', 'Metronidazole', 'ANTIBIOTIC', 'tablets', 'EMHS-004', NULL, '2026-06-09 12:29:31.542');
INSERT INTO public.drugs VALUES ('fc59dee2-7019-4104-b7ec-a422bdf3a46a', 'Ciprofloxacin 500mg', 'Ciprofloxacin', 'ANTIBIOTIC', 'tablets', 'EMHS-005', NULL, '2026-06-09 12:29:31.544');
INSERT INTO public.drugs VALUES ('8c59eb4c-9872-4548-b90c-d764254db812', 'Artemether-Lumefantrine', 'Artemether/Lumefantrine', 'ANTIMALARIAL', 'tablets', 'EMHS-010', NULL, '2026-06-09 12:29:31.555');
INSERT INTO public.drugs VALUES ('477adda7-eb86-4fbb-9bc4-f9d007c7f9fa', 'Artesunate 50mg', 'Artesunate', 'ANTIMALARIAL', 'vials', 'EMHS-011', NULL, '2026-06-09 12:29:31.557');
INSERT INTO public.drugs VALUES ('8feebabc-17fe-4300-b33a-54a5505d719a', 'Quinine 300mg', 'Quinine', 'ANTIMALARIAL', 'tablets', 'EMHS-012', NULL, '2026-06-09 12:29:31.558');
INSERT INTO public.drugs VALUES ('c9c6507b-a866-4434-adfc-6d7e2b7aca5b', 'Tenofovir/Lamivudine/Dolutegravir', 'TLD', 'ARV', 'tablets', 'EMHS-020', NULL, '2026-06-09 12:29:31.56');
INSERT INTO public.drugs VALUES ('40d054e6-3880-4b68-9991-b24e926e65ad', 'Zidovudine/Lamivudine', 'AZT/3TC', 'ARV', 'tablets', 'EMHS-021', NULL, '2026-06-09 12:29:31.561');
INSERT INTO public.drugs VALUES ('2e52bea0-3ff1-42b5-9e5b-848be8c8d005', 'Paracetamol 500mg', 'Paracetamol', 'ANALGESIC', 'tablets', 'EMHS-030', NULL, '2026-06-09 12:29:31.572');
INSERT INTO public.drugs VALUES ('dd6d1a86-a58f-41e0-83b2-58fd5eb89dc4', 'Ibuprofen 400mg', 'Ibuprofen', 'ANALGESIC', 'tablets', 'EMHS-031', NULL, '2026-06-09 12:29:31.605');
INSERT INTO public.drugs VALUES ('7ec2379c-dc9b-4e98-af1b-b3cd0ef8bf64', 'Amlodipine 5mg', 'Amlodipine', 'ANTIHYPERTENSIVE', 'tablets', 'EMHS-040', NULL, '2026-06-09 12:29:31.609');
INSERT INTO public.drugs VALUES ('a43bad01-4d6a-4fa0-8d4a-661346e6285b', 'Enalapril 5mg', 'Enalapril', 'ANTIHYPERTENSIVE', 'tablets', 'EMHS-041', NULL, '2026-06-09 12:29:31.611');
INSERT INTO public.drugs VALUES ('a678c9df-520f-45c8-9fd7-a261d465d909', 'Metformin 500mg', 'Metformin', 'ANTIDIABETIC', 'tablets', 'EMHS-050', NULL, '2026-06-09 12:29:31.613');
INSERT INTO public.drugs VALUES ('b8186368-d15a-4b85-9907-7fd6595c56d2', 'Glibenclamide 5mg', 'Glibenclamide', 'ANTIDIABETIC', 'tablets', 'EMHS-051', NULL, '2026-06-09 12:29:31.632');
INSERT INTO public.drugs VALUES ('5c4d230d-6aaa-4e97-a7e2-a63cf1934e7d', 'BCG Vaccine', 'BCG', 'VACCINE', 'vials', 'EMHS-060', NULL, '2026-06-09 12:29:31.634');
INSERT INTO public.drugs VALUES ('b4d4ab6b-ba2a-48d1-88fe-b6b10f188e36', 'Measles Rubella Vaccine', 'MR', 'VACCINE', 'vials', 'EMHS-061', NULL, '2026-06-09 12:29:31.683');
INSERT INTO public.drugs VALUES ('e8f2281f-41e5-473e-9391-f13f5b33987b', 'Oxytocin 10 IU', 'Oxytocin', 'MATERNAL_HEALTH', 'ampoules', 'EMHS-070', NULL, '2026-06-09 12:29:31.687');
INSERT INTO public.drugs VALUES ('f4d02f3a-0125-42d0-976a-bfcf384fb911', 'Ferrous Folate', 'Iron/Folic acid', 'MATERNAL_HEALTH', 'tablets', 'EMHS-071', NULL, '2026-06-09 12:29:31.689');
INSERT INTO public.drugs VALUES ('50923088-d1cd-4b45-9028-4527829305d1', 'Magnesium Sulphate', 'MgSO4', 'MATERNAL_HEALTH', 'vials', 'EMHS-072', NULL, '2026-06-09 12:29:31.692');
INSERT INTO public.drugs VALUES ('be5f0afd-5b81-4190-a7b7-661e7011dba8', 'Surgical Gloves', 'Gloves', 'SURGICAL_SUPPLY', 'pairs', 'EMHS-080', NULL, '2026-06-09 12:29:31.703');
INSERT INTO public.drugs VALUES ('f0606c53-7b74-4cf4-9e58-122a434b6fb1', 'Gauze Bandage', 'Gauze', 'SURGICAL_SUPPLY', 'packs', 'EMHS-081', NULL, '2026-06-09 12:29:31.709');
INSERT INTO public.drugs VALUES ('049bf638-588f-4f6d-8e71-c203a42bdeb2', 'HIV Rapid Test Kit', 'HIV RDT', 'DIAGNOSTIC', 'kits', 'EMHS-090', NULL, '2026-06-09 12:29:31.711');
INSERT INTO public.drugs VALUES ('eb07f5a1-061d-44d1-9876-911fd765469a', 'Malaria RDT', 'Malaria RDT', 'DIAGNOSTIC', 'kits', 'EMHS-091', NULL, '2026-06-09 12:29:31.712');

-- Table: facilities
INSERT INTO public.facilities VALUES ('4237a330-8d82-4e05-ac23-6fa09e0a12ca', 'Gayaza Hospital', 'WAK-GAY-001', 'GENERAL_HOSPITAL', 'ace73107-bf59-4f8d-9e91-af3e3f35a48e', 0.4167, 32.6333, 'Gayaza, Wakiso District', '+256700000001', '2026-06-09 11:53:41.069', '2026-06-09 11:53:41.069', true);
INSERT INTO public.facilities VALUES ('912e9529-6d32-411e-a324-f4766acfc760', 'Kasangati HC III', 'WAK-KAS-002', 'HC_III', 'ace73107-bf59-4f8d-9e91-af3e3f35a48e', 0.4378, 32.5911, 'Kasangati HC III, Wakiso District', NULL, '2026-06-09 12:29:31.324', '2026-06-09 12:29:31.324', true);
INSERT INTO public.facilities VALUES ('5acb58ad-fa06-4710-95ee-b0b5877a2285', 'Nansana HC IV', 'WAK-NAN-003', 'HC_IV', 'ace73107-bf59-4f8d-9e91-af3e3f35a48e', 0.3639, 32.5286, 'Nansana HC IV, Wakiso District', NULL, '2026-06-09 12:29:31.332', '2026-06-09 12:29:31.332', true);
INSERT INTO public.facilities VALUES ('afdaedaf-3835-4f10-8f0d-4376b4d8b95e', 'Wakiso HC III', 'WAK-WAK-004', 'HC_III', 'ace73107-bf59-4f8d-9e91-af3e3f35a48e', 0.4044, 32.4594, 'Wakiso HC III, Wakiso District', NULL, '2026-06-09 12:29:31.334', '2026-06-09 12:29:31.334', true);
INSERT INTO public.facilities VALUES ('d4046f21-6e86-4cc2-b440-08922d557723', 'Entebbe General Hospital', 'WAK-ENT-005', 'GENERAL_HOSPITAL', 'ace73107-bf59-4f8d-9e91-af3e3f35a48e', 0.0512, 32.4634, 'Entebbe General Hospital, Wakiso District', NULL, '2026-06-09 12:29:31.335', '2026-06-09 12:29:31.335', true);

-- Table: users
INSERT INTO public.users VALUES ('6aa768bc-5b03-4bd9-8f20-a8aae338a24d', 'admin@nms.ug', 'Grace Achieng', '+256700000030', 'NMS_ADMIN', NULL, NULL, '2026-06-09 11:53:41.082', '2026-06-09 12:34:47.148', true, NULL);
INSERT INTO public.users VALUES ('31f846bd-8548-4cdf-877a-3247703c49ef', 'dho@wakiso.ug', 'James Okello', '+256700000020', 'DISTRICT_OFFICER', NULL, 'ace73107-bf59-4f8d-9e91-af3e3f35a48e', '2026-06-09 11:53:41.079', '2026-06-09 12:36:28.3', true, '2026-06-09 12:36:28.291');
INSERT INTO public.users VALUES ('9e89324e-9f5a-45a3-a212-edd7d72adbdf', 'pharmacist@gayaza.ug', 'Sarah Nakato', '+256700000010', 'FACILITY_WORKER', '4237a330-8d82-4e05-ac23-6fa09e0a12ca', NULL, '2026-06-09 11:53:41.075', '2026-06-09 12:50:19.555', true, '2026-06-09 12:50:19.553');

-- Table: thresholds
INSERT INTO public.thresholds VALUES ('3b6acf12-594f-4c0c-be69-c9c508c4850b', NULL, 'bb3d1a88-c916-409c-b9d4-cc04c85655ad', 14, 7, 120);
INSERT INTO public.thresholds VALUES ('03cf2483-6628-48e5-9abd-653f69225e58', NULL, 'e84405c2-1dfe-4c5e-92f0-c21373289a00', 14, 7, 80);
INSERT INTO public.thresholds VALUES ('05f68084-9f61-40f9-b7bd-90e94f2af0e1', NULL, '33aaecdc-0e48-4cbd-9935-2e1dc3c11027', 14, 7, 60);
INSERT INTO public.thresholds VALUES ('cc37a128-b9a0-4956-97ca-58544a7edf68', NULL, 'cf1c1ea2-a5bc-4e77-b8f9-40a336f0f821', 14, 7, 45);
INSERT INTO public.thresholds VALUES ('c13bee72-1db4-4c3a-bf3a-0e8b54b979f3', NULL, 'fc59dee2-7019-4104-b7ec-a422bdf3a46a', 14, 7, 30);
INSERT INTO public.thresholds VALUES ('a1f16ed1-fe20-46b9-a621-15f1fefb7fc6', NULL, '8c59eb4c-9872-4548-b90c-d764254db812', 14, 7, 200);
INSERT INTO public.thresholds VALUES ('c55f833f-ff6d-4c51-b185-586597d3f7da', NULL, '477adda7-eb86-4fbb-9bc4-f9d007c7f9fa', 14, 7, 25);
INSERT INTO public.thresholds VALUES ('c0a480c9-da6a-49c9-a679-f60589ff829d', NULL, '8feebabc-17fe-4300-b33a-54a5505d719a', 14, 7, 40);
INSERT INTO public.thresholds VALUES ('9d5aeba7-3da9-40cd-8700-17174f249935', NULL, 'c9c6507b-a866-4434-adfc-6d7e2b7aca5b', 14, 7, 90);
INSERT INTO public.thresholds VALUES ('14ef4810-fc7f-408f-98f5-8d434f7878ec', NULL, '40d054e6-3880-4b68-9991-b24e926e65ad', 14, 7, 35);
INSERT INTO public.thresholds VALUES ('7abd8bfd-047b-4261-9114-82d8c8e77f75', NULL, '2e52bea0-3ff1-42b5-9e5b-848be8c8d005', 14, 7, 300);
INSERT INTO public.thresholds VALUES ('0d019b1d-f869-475c-9e7a-ea29e1cfc564', NULL, 'dd6d1a86-a58f-41e0-83b2-58fd5eb89dc4', 14, 7, 80);
INSERT INTO public.thresholds VALUES ('67b5871a-42bb-4c13-be93-c94b4e3682d2', NULL, '7ec2379c-dc9b-4e98-af1b-b3cd0ef8bf64', 14, 7, 50);
INSERT INTO public.thresholds VALUES ('2f48fa61-2e54-4d9c-873b-03f2c3fc3cdf', NULL, 'a43bad01-4d6a-4fa0-8d4a-661346e6285b', 14, 7, 40);
INSERT INTO public.thresholds VALUES ('b0f8380f-7d6b-4326-8183-8b65bd8cde3f', NULL, 'a678c9df-520f-45c8-9fd7-a261d465d909', 14, 7, 70);
INSERT INTO public.thresholds VALUES ('0b4c3de5-8016-4cb7-9d82-5c2c73f3926a', NULL, 'b8186368-d15a-4b85-9907-7fd6595c56d2', 14, 7, 25);
INSERT INTO public.thresholds VALUES ('5034ed5f-c3d3-427b-9f23-d6d0dd0e1a79', NULL, '5c4d230d-6aaa-4e97-a7e2-a63cf1934e7d', 14, 7, 5);
INSERT INTO public.thresholds VALUES ('08146c05-f2e8-4b13-a9b1-a975fea8c0a2', NULL, 'b4d4ab6b-ba2a-48d1-88fe-b6b10f188e36', 14, 7, 8);
INSERT INTO public.thresholds VALUES ('84f040a2-9348-44d7-9b1c-e90215d37b0b', NULL, 'e8f2281f-41e5-473e-9391-f13f5b33987b', 14, 7, 15);
INSERT INTO public.thresholds VALUES ('c9141da6-013c-4fc5-bbbc-5dc51429cb2a', NULL, 'f4d02f3a-0125-42d0-976a-bfcf384fb911', 14, 7, 100);
INSERT INTO public.thresholds VALUES ('d5862d3b-ee67-46d2-b7b3-ed75968856ea', NULL, '50923088-d1cd-4b45-9028-4527829305d1', 14, 7, 10);
INSERT INTO public.thresholds VALUES ('be556bff-c0b0-4ce6-a8f2-935da2203ce6', NULL, 'be5f0afd-5b81-4190-a7b7-661e7011dba8', 14, 7, 50);
INSERT INTO public.thresholds VALUES ('98c6baff-7580-4996-86d1-c1f7824b0421', NULL, 'f0606c53-7b74-4cf4-9e58-122a434b6fb1', 14, 7, 20);
INSERT INTO public.thresholds VALUES ('2c269af7-4861-4059-b2dd-c9049d5154ba', NULL, '049bf638-588f-4f6d-8e71-c203a42bdeb2', 14, 7, 30);
INSERT INTO public.thresholds VALUES ('11f6f370-0d8e-4563-ab93-0522f61fe259', NULL, 'eb07f5a1-061d-44d1-9876-911fd765469a', 14, 7, 150);

-- Table: stock_entries
INSERT INTO public.stock_entries VALUES ('4a7a7673-2b45-4523-b2ca-e66f5151e625', '4237a330-8d82-4e05-ac23-6fa09e0a12ca', 'bb3d1a88-c916-409c-b9d4-cc04c85655ad', 3600, 'tablets', '9e89324e-9f5a-45a3-a212-edd7d72adbdf', '2026-06-09 12:34:47.199', NULL, 'ADEQUATE', 30, '2026-06-09 12:34:47.322');
INSERT INTO public.stock_entries VALUES ('1a4d6e6a-385c-4992-a10d-72ce9592d958', '4237a330-8d82-4e05-ac23-6fa09e0a12ca', 'e84405c2-1dfe-4c5e-92f0-c21373289a00', 2400, 'tablets', '9e89324e-9f5a-45a3-a212-edd7d72adbdf', '2026-06-09 12:34:47.338', NULL, 'ADEQUATE', 30, '2026-06-09 12:34:47.339');
INSERT INTO public.stock_entries VALUES ('6cb0b84e-762d-4c21-b862-fd6ca43c40eb', '4237a330-8d82-4e05-ac23-6fa09e0a12ca', '33aaecdc-0e48-4cbd-9935-2e1dc3c11027', 600, 'tablets', '9e89324e-9f5a-45a3-a212-edd7d72adbdf', '2026-06-09 12:34:47.343', NULL, 'LOW', 10, '2026-06-09 12:34:47.344');
INSERT INTO public.stock_entries VALUES ('0b2566a0-6122-4c87-af2f-b097c85ecf56', '4237a330-8d82-4e05-ac23-6fa09e0a12ca', 'cf1c1ea2-a5bc-4e77-b8f9-40a336f0f821', 135, 'tablets', '9e89324e-9f5a-45a3-a212-edd7d72adbdf', '2026-06-09 12:34:47.344', NULL, 'CRITICAL', 3, '2026-06-09 12:34:47.345');
INSERT INTO public.stock_entries VALUES ('e5b77519-4c08-4366-b0b3-aac1ca4b626b', '4237a330-8d82-4e05-ac23-6fa09e0a12ca', 'fc59dee2-7019-4104-b7ec-a422bdf3a46a', 0, 'tablets', '9e89324e-9f5a-45a3-a212-edd7d72adbdf', '2026-06-09 12:34:47.352', NULL, 'STOCKOUT', 0, '2026-06-09 12:34:47.353');
INSERT INTO public.stock_entries VALUES ('66c51ca6-a0f6-4188-9db7-e4968f290a7e', '4237a330-8d82-4e05-ac23-6fa09e0a12ca', '8c59eb4c-9872-4548-b90c-d764254db812', 6000, 'tablets', '9e89324e-9f5a-45a3-a212-edd7d72adbdf', '2026-06-09 12:34:47.354', NULL, 'ADEQUATE', 30, '2026-06-09 12:34:47.355');
INSERT INTO public.stock_entries VALUES ('a87ea781-ecdd-4cca-a2ac-dc09c8a3a514', '4237a330-8d82-4e05-ac23-6fa09e0a12ca', '477adda7-eb86-4fbb-9bc4-f9d007c7f9fa', 750, 'vials', '9e89324e-9f5a-45a3-a212-edd7d72adbdf', '2026-06-09 12:34:47.355', NULL, 'ADEQUATE', 30, '2026-06-09 12:34:47.356');
INSERT INTO public.stock_entries VALUES ('7f6437d6-4485-41cc-8f08-6a91e0087c1a', '4237a330-8d82-4e05-ac23-6fa09e0a12ca', '8feebabc-17fe-4300-b33a-54a5505d719a', 400, 'tablets', '9e89324e-9f5a-45a3-a212-edd7d72adbdf', '2026-06-09 12:34:47.356', NULL, 'LOW', 10, '2026-06-09 12:34:47.357');
INSERT INTO public.stock_entries VALUES ('46630214-ebc7-4a7f-bcc2-1f284aac2ae2', '4237a330-8d82-4e05-ac23-6fa09e0a12ca', 'c9c6507b-a866-4434-adfc-6d7e2b7aca5b', 270, 'tablets', '9e89324e-9f5a-45a3-a212-edd7d72adbdf', '2026-06-09 12:34:47.357', NULL, 'CRITICAL', 3, '2026-06-09 12:34:47.358');
INSERT INTO public.stock_entries VALUES ('b24e2f6f-fe1a-4a21-afa0-efcdc2085863', '4237a330-8d82-4e05-ac23-6fa09e0a12ca', '40d054e6-3880-4b68-9991-b24e926e65ad', 0, 'tablets', '9e89324e-9f5a-45a3-a212-edd7d72adbdf', '2026-06-09 12:34:47.359', NULL, 'STOCKOUT', 0, '2026-06-09 12:34:47.359');
INSERT INTO public.stock_entries VALUES ('ec4a794f-6f3d-4fd8-965e-d8351271146b', '4237a330-8d82-4e05-ac23-6fa09e0a12ca', '2e52bea0-3ff1-42b5-9e5b-848be8c8d005', 9000, 'tablets', '9e89324e-9f5a-45a3-a212-edd7d72adbdf', '2026-06-09 12:34:47.36', NULL, 'ADEQUATE', 30, '2026-06-09 12:34:47.361');
INSERT INTO public.stock_entries VALUES ('b44ce44c-fc1c-465a-b994-e96d4fa7046f', '4237a330-8d82-4e05-ac23-6fa09e0a12ca', 'dd6d1a86-a58f-41e0-83b2-58fd5eb89dc4', 2400, 'tablets', '9e89324e-9f5a-45a3-a212-edd7d72adbdf', '2026-06-09 12:34:47.361', NULL, 'ADEQUATE', 30, '2026-06-09 12:34:47.362');
INSERT INTO public.stock_entries VALUES ('de2ddef0-c95e-4d20-84f0-903c488c0996', '4237a330-8d82-4e05-ac23-6fa09e0a12ca', '7ec2379c-dc9b-4e98-af1b-b3cd0ef8bf64', 500, 'tablets', '9e89324e-9f5a-45a3-a212-edd7d72adbdf', '2026-06-09 12:34:47.362', NULL, 'LOW', 10, '2026-06-09 12:34:47.362');
INSERT INTO public.stock_entries VALUES ('e92ab8c6-caa2-418d-af6f-16ffd52872cc', '4237a330-8d82-4e05-ac23-6fa09e0a12ca', 'a43bad01-4d6a-4fa0-8d4a-661346e6285b', 120, 'tablets', '9e89324e-9f5a-45a3-a212-edd7d72adbdf', '2026-06-09 12:34:47.362', NULL, 'CRITICAL', 3, '2026-06-09 12:34:47.363');
INSERT INTO public.stock_entries VALUES ('19e6e6b0-187c-4094-b2c7-13f86559597c', '4237a330-8d82-4e05-ac23-6fa09e0a12ca', 'a678c9df-520f-45c8-9fd7-a261d465d909', 0, 'tablets', '9e89324e-9f5a-45a3-a212-edd7d72adbdf', '2026-06-09 12:34:47.364', NULL, 'STOCKOUT', 0, '2026-06-09 12:34:47.365');
INSERT INTO public.stock_entries VALUES ('4a0f0f03-4706-401e-bda1-2026eaf93bac', '4237a330-8d82-4e05-ac23-6fa09e0a12ca', 'b8186368-d15a-4b85-9907-7fd6595c56d2', 750, 'tablets', '9e89324e-9f5a-45a3-a212-edd7d72adbdf', '2026-06-09 12:34:47.365', NULL, 'ADEQUATE', 30, '2026-06-09 12:34:47.366');
INSERT INTO public.stock_entries VALUES ('5d664df1-b66a-46b0-b6b8-8f0064140148', '4237a330-8d82-4e05-ac23-6fa09e0a12ca', '5c4d230d-6aaa-4e97-a7e2-a63cf1934e7d', 150, 'vials', '9e89324e-9f5a-45a3-a212-edd7d72adbdf', '2026-06-09 12:34:47.366', NULL, 'ADEQUATE', 30, '2026-06-09 12:34:47.367');
INSERT INTO public.stock_entries VALUES ('09329561-851c-4b0c-828b-80155f33847f', '4237a330-8d82-4e05-ac23-6fa09e0a12ca', 'b4d4ab6b-ba2a-48d1-88fe-b6b10f188e36', 80, 'vials', '9e89324e-9f5a-45a3-a212-edd7d72adbdf', '2026-06-09 12:34:47.367', NULL, 'LOW', 10, '2026-06-09 12:34:47.368');
INSERT INTO public.stock_entries VALUES ('8e8bcabb-8440-4fdd-85b7-7cfd528d8271', '4237a330-8d82-4e05-ac23-6fa09e0a12ca', 'e8f2281f-41e5-473e-9391-f13f5b33987b', 45, 'ampoules', '9e89324e-9f5a-45a3-a212-edd7d72adbdf', '2026-06-09 12:34:47.368', NULL, 'CRITICAL', 3, '2026-06-09 12:34:47.369');
INSERT INTO public.stock_entries VALUES ('2a6c5975-7618-4cc8-b20c-3b5760a00d14', '4237a330-8d82-4e05-ac23-6fa09e0a12ca', 'f4d02f3a-0125-42d0-976a-bfcf384fb911', 0, 'tablets', '9e89324e-9f5a-45a3-a212-edd7d72adbdf', '2026-06-09 12:34:47.37', NULL, 'STOCKOUT', 0, '2026-06-09 12:34:47.371');
INSERT INTO public.stock_entries VALUES ('c58ce50c-950d-4b22-ae41-31896f2fa3eb', '4237a330-8d82-4e05-ac23-6fa09e0a12ca', '50923088-d1cd-4b45-9028-4527829305d1', 300, 'vials', '9e89324e-9f5a-45a3-a212-edd7d72adbdf', '2026-06-09 12:34:47.371', NULL, 'ADEQUATE', 30, '2026-06-09 12:34:47.372');
INSERT INTO public.stock_entries VALUES ('6bd89604-e68d-4681-8454-512f3f4f57c2', '4237a330-8d82-4e05-ac23-6fa09e0a12ca', 'be5f0afd-5b81-4190-a7b7-661e7011dba8', 1500, 'pairs', '9e89324e-9f5a-45a3-a212-edd7d72adbdf', '2026-06-09 12:34:47.372', NULL, 'ADEQUATE', 30, '2026-06-09 12:34:47.372');
INSERT INTO public.stock_entries VALUES ('b81468a9-ce2b-461e-b562-76bd8c33b78e', '4237a330-8d82-4e05-ac23-6fa09e0a12ca', 'f0606c53-7b74-4cf4-9e58-122a434b6fb1', 200, 'packs', '9e89324e-9f5a-45a3-a212-edd7d72adbdf', '2026-06-09 12:34:47.372', NULL, 'LOW', 10, '2026-06-09 12:34:47.373');
INSERT INTO public.stock_entries VALUES ('c9febcd5-01c1-45d7-9ee8-89cd0f9a330c', '4237a330-8d82-4e05-ac23-6fa09e0a12ca', '049bf638-588f-4f6d-8e71-c203a42bdeb2', 90, 'kits', '9e89324e-9f5a-45a3-a212-edd7d72adbdf', '2026-06-09 12:34:47.373', NULL, 'CRITICAL', 3, '2026-06-09 12:34:47.374');
INSERT INTO public.stock_entries VALUES ('de4861cb-5ba0-4444-8132-58f240a4f51d', '4237a330-8d82-4e05-ac23-6fa09e0a12ca', 'eb07f5a1-061d-44d1-9876-911fd765469a', 0, 'kits', '9e89324e-9f5a-45a3-a212-edd7d72adbdf', '2026-06-09 12:34:47.374', NULL, 'STOCKOUT', 0, '2026-06-09 12:34:47.375');
INSERT INTO public.stock_entries VALUES ('4ab32199-b3a3-4220-ad22-9735da696c70', '912e9529-6d32-411e-a324-f4766acfc760', 'bb3d1a88-c916-409c-b9d4-cc04c85655ad', 3600, 'tablets', '9e89324e-9f5a-45a3-a212-edd7d72adbdf', '2026-06-09 12:34:47.375', NULL, 'ADEQUATE', 30, '2026-06-09 12:34:47.376');
INSERT INTO public.stock_entries VALUES ('3d7f1d2f-a576-45b5-ae64-ae8951e48713', '912e9529-6d32-411e-a324-f4766acfc760', 'e84405c2-1dfe-4c5e-92f0-c21373289a00', 2400, 'tablets', '9e89324e-9f5a-45a3-a212-edd7d72adbdf', '2026-06-09 12:34:47.375', NULL, 'ADEQUATE', 30, '2026-06-09 12:34:47.376');
INSERT INTO public.stock_entries VALUES ('ba5f89f7-2f98-46a4-a70b-d85af6f3f22f', '912e9529-6d32-411e-a324-f4766acfc760', '33aaecdc-0e48-4cbd-9935-2e1dc3c11027', 600, 'tablets', '9e89324e-9f5a-45a3-a212-edd7d72adbdf', '2026-06-09 12:34:47.376', NULL, 'LOW', 10, '2026-06-09 12:34:47.377');
INSERT INTO public.stock_entries VALUES ('936ba681-6dcc-4fa1-9281-67153facd540', '912e9529-6d32-411e-a324-f4766acfc760', 'cf1c1ea2-a5bc-4e77-b8f9-40a336f0f821', 135, 'tablets', '9e89324e-9f5a-45a3-a212-edd7d72adbdf', '2026-06-09 12:34:47.376', NULL, 'CRITICAL', 3, '2026-06-09 12:34:47.377');
INSERT INTO public.stock_entries VALUES ('476a2635-0b6b-42ab-8209-b8fb52d9568c', '912e9529-6d32-411e-a324-f4766acfc760', 'fc59dee2-7019-4104-b7ec-a422bdf3a46a', 0, 'tablets', '9e89324e-9f5a-45a3-a212-edd7d72adbdf', '2026-06-09 12:34:47.378', NULL, 'STOCKOUT', 0, '2026-06-09 12:34:47.378');
INSERT INTO public.stock_entries VALUES ('cfbdc431-7658-465c-b3ee-b3375a7dbeca', '912e9529-6d32-411e-a324-f4766acfc760', '8c59eb4c-9872-4548-b90c-d764254db812', 6000, 'tablets', '9e89324e-9f5a-45a3-a212-edd7d72adbdf', '2026-06-09 12:34:47.379', NULL, 'ADEQUATE', 30, '2026-06-09 12:34:47.379');
INSERT INTO public.stock_entries VALUES ('37d34c58-2256-446e-88b0-6697ad852929', '912e9529-6d32-411e-a324-f4766acfc760', '477adda7-eb86-4fbb-9bc4-f9d007c7f9fa', 750, 'vials', '9e89324e-9f5a-45a3-a212-edd7d72adbdf', '2026-06-09 12:34:47.379', NULL, 'ADEQUATE', 30, '2026-06-09 12:34:47.38');
INSERT INTO public.stock_entries VALUES ('7c13947b-2bf8-4f60-8932-cc2f60d6f2b5', '912e9529-6d32-411e-a324-f4766acfc760', '8feebabc-17fe-4300-b33a-54a5505d719a', 400, 'tablets', '9e89324e-9f5a-45a3-a212-edd7d72adbdf', '2026-06-09 12:34:47.38', NULL, 'LOW', 10, '2026-06-09 12:34:47.381');
INSERT INTO public.stock_entries VALUES ('9982b8b3-b222-4965-b2cb-5367abc55c7f', '912e9529-6d32-411e-a324-f4766acfc760', 'c9c6507b-a866-4434-adfc-6d7e2b7aca5b', 270, 'tablets', '9e89324e-9f5a-45a3-a212-edd7d72adbdf', '2026-06-09 12:34:47.38', NULL, 'CRITICAL', 3, '2026-06-09 12:34:47.381');
INSERT INTO public.stock_entries VALUES ('2c8f63eb-09e6-48d9-93cd-0abd736c503c', '912e9529-6d32-411e-a324-f4766acfc760', '40d054e6-3880-4b68-9991-b24e926e65ad', 0, 'tablets', '9e89324e-9f5a-45a3-a212-edd7d72adbdf', '2026-06-09 12:34:47.381', NULL, 'STOCKOUT', 0, '2026-06-09 12:34:47.382');
INSERT INTO public.stock_entries VALUES ('6577597b-4ca2-487b-982d-e4bfccd5f45a', '912e9529-6d32-411e-a324-f4766acfc760', '2e52bea0-3ff1-42b5-9e5b-848be8c8d005', 9000, 'tablets', '9e89324e-9f5a-45a3-a212-edd7d72adbdf', '2026-06-09 12:34:47.382', NULL, 'ADEQUATE', 30, '2026-06-09 12:34:47.383');
INSERT INTO public.stock_entries VALUES ('77798c08-6e8e-4faf-b838-75a73b66c5de', '912e9529-6d32-411e-a324-f4766acfc760', 'dd6d1a86-a58f-41e0-83b2-58fd5eb89dc4', 2400, 'tablets', '9e89324e-9f5a-45a3-a212-edd7d72adbdf', '2026-06-09 12:34:47.383', NULL, 'ADEQUATE', 30, '2026-06-09 12:34:47.384');
INSERT INTO public.stock_entries VALUES ('cde9c010-f0dc-4365-b374-fbf91cc79ecb', '912e9529-6d32-411e-a324-f4766acfc760', '7ec2379c-dc9b-4e98-af1b-b3cd0ef8bf64', 500, 'tablets', '9e89324e-9f5a-45a3-a212-edd7d72adbdf', '2026-06-09 12:34:47.384', NULL, 'LOW', 10, '2026-06-09 12:34:47.385');
INSERT INTO public.stock_entries VALUES ('a1c49d7d-fcd0-49de-b42b-1b5b397c2b85', '912e9529-6d32-411e-a324-f4766acfc760', 'a43bad01-4d6a-4fa0-8d4a-661346e6285b', 120, 'tablets', '9e89324e-9f5a-45a3-a212-edd7d72adbdf', '2026-06-09 12:34:47.384', NULL, 'CRITICAL', 3, '2026-06-09 12:34:47.385');
INSERT INTO public.stock_entries VALUES ('d17ce6e0-c36e-4845-8f88-f120cb2bd9a2', '912e9529-6d32-411e-a324-f4766acfc760', 'a678c9df-520f-45c8-9fd7-a261d465d909', 0, 'tablets', '9e89324e-9f5a-45a3-a212-edd7d72adbdf', '2026-06-09 12:34:47.386', NULL, 'STOCKOUT', 0, '2026-06-09 12:34:47.387');
INSERT INTO public.stock_entries VALUES ('ad8045c3-cfd0-4076-9584-4d258703ca29', '912e9529-6d32-411e-a324-f4766acfc760', 'b8186368-d15a-4b85-9907-7fd6595c56d2', 750, 'tablets', '9e89324e-9f5a-45a3-a212-edd7d72adbdf', '2026-06-09 12:34:47.387', NULL, 'ADEQUATE', 30, '2026-06-09 12:34:47.388');
INSERT INTO public.stock_entries VALUES ('763560c6-64ff-4563-8699-3fb155f3f9bf', '912e9529-6d32-411e-a324-f4766acfc760', '5c4d230d-6aaa-4e97-a7e2-a63cf1934e7d', 150, 'vials', '9e89324e-9f5a-45a3-a212-edd7d72adbdf', '2026-06-09 12:34:47.388', NULL, 'ADEQUATE', 30, '2026-06-09 12:34:47.388');
INSERT INTO public.stock_entries VALUES ('5623abe3-564c-4b3e-9b55-c043653f8e31', '912e9529-6d32-411e-a324-f4766acfc760', 'b4d4ab6b-ba2a-48d1-88fe-b6b10f188e36', 80, 'vials', '9e89324e-9f5a-45a3-a212-edd7d72adbdf', '2026-06-09 12:34:47.388', NULL, 'LOW', 10, '2026-06-09 12:34:47.389');
INSERT INTO public.stock_entries VALUES ('2b9b3cdb-2bfa-4532-86a3-c6c2c0a85636', '912e9529-6d32-411e-a324-f4766acfc760', 'e8f2281f-41e5-473e-9391-f13f5b33987b', 45, 'ampoules', '9e89324e-9f5a-45a3-a212-edd7d72adbdf', '2026-06-09 12:34:47.389', NULL, 'CRITICAL', 3, '2026-06-09 12:34:47.39');
INSERT INTO public.stock_entries VALUES ('f74aef0a-9295-4823-8e52-2d72cff7d787', '912e9529-6d32-411e-a324-f4766acfc760', 'f4d02f3a-0125-42d0-976a-bfcf384fb911', 0, 'tablets', '9e89324e-9f5a-45a3-a212-edd7d72adbdf', '2026-06-09 12:34:47.39', NULL, 'STOCKOUT', 0, '2026-06-09 12:34:47.391');
INSERT INTO public.stock_entries VALUES ('86d90a5b-69d8-4f9a-9727-8845cd6f174f', '912e9529-6d32-411e-a324-f4766acfc760', '50923088-d1cd-4b45-9028-4527829305d1', 300, 'vials', '9e89324e-9f5a-45a3-a212-edd7d72adbdf', '2026-06-09 12:34:47.391', NULL, 'ADEQUATE', 30, '2026-06-09 12:34:47.392');
INSERT INTO public.stock_entries VALUES ('ae573d0b-f298-488f-a186-5a4dfe246fbb', '912e9529-6d32-411e-a324-f4766acfc760', 'be5f0afd-5b81-4190-a7b7-661e7011dba8', 1500, 'pairs', '9e89324e-9f5a-45a3-a212-edd7d72adbdf', '2026-06-09 12:34:47.392', NULL, 'ADEQUATE', 30, '2026-06-09 12:34:47.392');
INSERT INTO public.stock_entries VALUES ('b26e8723-8468-4020-8b00-3510cbde9a8e', '912e9529-6d32-411e-a324-f4766acfc760', 'f0606c53-7b74-4cf4-9e58-122a434b6fb1', 200, 'packs', '9e89324e-9f5a-45a3-a212-edd7d72adbdf', '2026-06-09 12:34:47.392', NULL, 'LOW', 10, '2026-06-09 12:34:47.393');
INSERT INTO public.stock_entries VALUES ('aaf55f91-757e-4fdf-a4d2-bc468dc9144e', '912e9529-6d32-411e-a324-f4766acfc760', '049bf638-588f-4f6d-8e71-c203a42bdeb2', 90, 'kits', '9e89324e-9f5a-45a3-a212-edd7d72adbdf', '2026-06-09 12:34:47.392', NULL, 'CRITICAL', 3, '2026-06-09 12:34:47.393');
INSERT INTO public.stock_entries VALUES ('091dc6d8-360e-4b2d-8ecb-edc61041fa07', '912e9529-6d32-411e-a324-f4766acfc760', 'eb07f5a1-061d-44d1-9876-911fd765469a', 0, 'kits', '9e89324e-9f5a-45a3-a212-edd7d72adbdf', '2026-06-09 12:34:47.393', NULL, 'STOCKOUT', 0, '2026-06-09 12:34:47.394');
INSERT INTO public.stock_entries VALUES ('c81a6cd2-01e3-4e92-9a89-a5699a6ea21a', '5acb58ad-fa06-4710-95ee-b0b5877a2285', 'bb3d1a88-c916-409c-b9d4-cc04c85655ad', 3600, 'tablets', '9e89324e-9f5a-45a3-a212-edd7d72adbdf', '2026-06-09 12:34:47.394', NULL, 'ADEQUATE', 30, '2026-06-09 12:34:47.395');
INSERT INTO public.stock_entries VALUES ('24a19c69-37e6-46d4-9d38-0de2dae9ca1a', '5acb58ad-fa06-4710-95ee-b0b5877a2285', 'e84405c2-1dfe-4c5e-92f0-c21373289a00', 2400, 'tablets', '9e89324e-9f5a-45a3-a212-edd7d72adbdf', '2026-06-09 12:34:47.395', NULL, 'ADEQUATE', 30, '2026-06-09 12:34:47.396');
INSERT INTO public.stock_entries VALUES ('14dc571f-efd2-4671-8494-5a91e5e46d21', '5acb58ad-fa06-4710-95ee-b0b5877a2285', '33aaecdc-0e48-4cbd-9935-2e1dc3c11027', 600, 'tablets', '9e89324e-9f5a-45a3-a212-edd7d72adbdf', '2026-06-09 12:34:47.395', NULL, 'LOW', 10, '2026-06-09 12:34:47.396');
INSERT INTO public.stock_entries VALUES ('5292b5ce-1e47-42f5-b4ee-543b8dcc6000', '5acb58ad-fa06-4710-95ee-b0b5877a2285', 'cf1c1ea2-a5bc-4e77-b8f9-40a336f0f821', 135, 'tablets', '9e89324e-9f5a-45a3-a212-edd7d72adbdf', '2026-06-09 12:34:47.396', NULL, 'CRITICAL', 3, '2026-06-09 12:34:47.397');
INSERT INTO public.stock_entries VALUES ('a0ecff9b-c8cd-45f6-90f7-a2bce895c7ff', '5acb58ad-fa06-4710-95ee-b0b5877a2285', 'fc59dee2-7019-4104-b7ec-a422bdf3a46a', 0, 'tablets', '9e89324e-9f5a-45a3-a212-edd7d72adbdf', '2026-06-09 12:34:47.397', NULL, 'STOCKOUT', 0, '2026-06-09 12:34:47.398');
INSERT INTO public.stock_entries VALUES ('109f3d8b-2b2f-4ece-a7c6-9a77a404e3fe', '5acb58ad-fa06-4710-95ee-b0b5877a2285', '8c59eb4c-9872-4548-b90c-d764254db812', 6000, 'tablets', '9e89324e-9f5a-45a3-a212-edd7d72adbdf', '2026-06-09 12:34:47.398', NULL, 'ADEQUATE', 30, '2026-06-09 12:34:47.399');
INSERT INTO public.stock_entries VALUES ('1bec02af-eed0-4ae4-98c5-f5b6730ac1cb', '5acb58ad-fa06-4710-95ee-b0b5877a2285', '477adda7-eb86-4fbb-9bc4-f9d007c7f9fa', 750, 'vials', '9e89324e-9f5a-45a3-a212-edd7d72adbdf', '2026-06-09 12:34:47.399', NULL, 'ADEQUATE', 30, '2026-06-09 12:34:47.4');
INSERT INTO public.stock_entries VALUES ('a04543bc-90fc-4548-b1b2-17c71069e74a', '5acb58ad-fa06-4710-95ee-b0b5877a2285', '8feebabc-17fe-4300-b33a-54a5505d719a', 400, 'tablets', '9e89324e-9f5a-45a3-a212-edd7d72adbdf', '2026-06-09 12:34:47.399', NULL, 'LOW', 10, '2026-06-09 12:34:47.4');
INSERT INTO public.stock_entries VALUES ('4a2b4943-2096-4e3c-b352-c35644c7ea5c', '5acb58ad-fa06-4710-95ee-b0b5877a2285', 'c9c6507b-a866-4434-adfc-6d7e2b7aca5b', 270, 'tablets', '9e89324e-9f5a-45a3-a212-edd7d72adbdf', '2026-06-09 12:34:47.4', NULL, 'CRITICAL', 3, '2026-06-09 12:34:47.401');
INSERT INTO public.stock_entries VALUES ('01a0d809-4703-487d-9c2e-e603825c35aa', '5acb58ad-fa06-4710-95ee-b0b5877a2285', '40d054e6-3880-4b68-9991-b24e926e65ad', 0, 'tablets', '9e89324e-9f5a-45a3-a212-edd7d72adbdf', '2026-06-09 12:34:47.401', NULL, 'STOCKOUT', 0, '2026-06-09 12:34:47.402');
INSERT INTO public.stock_entries VALUES ('91fb8c2b-7f61-4e9f-9199-cf6dfe2a6c26', '5acb58ad-fa06-4710-95ee-b0b5877a2285', '2e52bea0-3ff1-42b5-9e5b-848be8c8d005', 9000, 'tablets', '9e89324e-9f5a-45a3-a212-edd7d72adbdf', '2026-06-09 12:34:47.403', NULL, 'ADEQUATE', 30, '2026-06-09 12:34:47.403');
INSERT INTO public.stock_entries VALUES ('faf1f435-8068-462a-8d22-9bc2f8eea53e', '5acb58ad-fa06-4710-95ee-b0b5877a2285', 'dd6d1a86-a58f-41e0-83b2-58fd5eb89dc4', 2400, 'tablets', '9e89324e-9f5a-45a3-a212-edd7d72adbdf', '2026-06-09 12:34:47.403', NULL, 'ADEQUATE', 30, '2026-06-09 12:34:47.404');
INSERT INTO public.stock_entries VALUES ('5c538d39-3b9c-442f-ad53-a67e1a1ac4e3', '5acb58ad-fa06-4710-95ee-b0b5877a2285', '7ec2379c-dc9b-4e98-af1b-b3cd0ef8bf64', 500, 'tablets', '9e89324e-9f5a-45a3-a212-edd7d72adbdf', '2026-06-09 12:34:47.404', NULL, 'LOW', 10, '2026-06-09 12:34:47.405');
INSERT INTO public.stock_entries VALUES ('7ea629d7-df21-42ca-b65c-c5ae560e8362', '5acb58ad-fa06-4710-95ee-b0b5877a2285', 'a43bad01-4d6a-4fa0-8d4a-661346e6285b', 120, 'tablets', '9e89324e-9f5a-45a3-a212-edd7d72adbdf', '2026-06-09 12:34:47.404', NULL, 'CRITICAL', 3, '2026-06-09 12:34:47.405');
INSERT INTO public.stock_entries VALUES ('976b5ac6-67e9-4357-b7cd-994b555541ec', '5acb58ad-fa06-4710-95ee-b0b5877a2285', 'a678c9df-520f-45c8-9fd7-a261d465d909', 0, 'tablets', '9e89324e-9f5a-45a3-a212-edd7d72adbdf', '2026-06-09 12:34:47.405', NULL, 'STOCKOUT', 0, '2026-06-09 12:34:47.406');
INSERT INTO public.stock_entries VALUES ('311c4490-b8aa-42c0-9a04-df094a920879', '5acb58ad-fa06-4710-95ee-b0b5877a2285', 'b8186368-d15a-4b85-9907-7fd6595c56d2', 750, 'tablets', '9e89324e-9f5a-45a3-a212-edd7d72adbdf', '2026-06-09 12:34:47.406', NULL, 'ADEQUATE', 30, '2026-06-09 12:34:47.407');
INSERT INTO public.stock_entries VALUES ('a025c6bb-0b02-453f-8487-bfbc96b4c556', '5acb58ad-fa06-4710-95ee-b0b5877a2285', '5c4d230d-6aaa-4e97-a7e2-a63cf1934e7d', 150, 'vials', '9e89324e-9f5a-45a3-a212-edd7d72adbdf', '2026-06-09 12:34:47.407', NULL, 'ADEQUATE', 30, '2026-06-09 12:34:47.408');
INSERT INTO public.stock_entries VALUES ('bc98bd0c-6c73-4569-82d2-0f55e49a73fb', '5acb58ad-fa06-4710-95ee-b0b5877a2285', 'b4d4ab6b-ba2a-48d1-88fe-b6b10f188e36', 80, 'vials', '9e89324e-9f5a-45a3-a212-edd7d72adbdf', '2026-06-09 12:34:47.407', NULL, 'LOW', 10, '2026-06-09 12:34:47.408');
INSERT INTO public.stock_entries VALUES ('be648748-25e7-4eb0-a481-4bc8b22763c9', '5acb58ad-fa06-4710-95ee-b0b5877a2285', 'e8f2281f-41e5-473e-9391-f13f5b33987b', 45, 'ampoules', '9e89324e-9f5a-45a3-a212-edd7d72adbdf', '2026-06-09 12:34:47.408', NULL, 'CRITICAL', 3, '2026-06-09 12:34:47.409');
INSERT INTO public.stock_entries VALUES ('3ca42f43-7f13-44ff-b80a-63302d8539dc', '5acb58ad-fa06-4710-95ee-b0b5877a2285', 'f4d02f3a-0125-42d0-976a-bfcf384fb911', 0, 'tablets', '9e89324e-9f5a-45a3-a212-edd7d72adbdf', '2026-06-09 12:34:47.409', NULL, 'STOCKOUT', 0, '2026-06-09 12:34:47.41');
INSERT INTO public.stock_entries VALUES ('5bede8db-e0cb-4a40-9e05-95ca7b9085d1', '5acb58ad-fa06-4710-95ee-b0b5877a2285', '50923088-d1cd-4b45-9028-4527829305d1', 300, 'vials', '9e89324e-9f5a-45a3-a212-edd7d72adbdf', '2026-06-09 12:34:47.41', NULL, 'ADEQUATE', 30, '2026-06-09 12:34:47.411');
INSERT INTO public.stock_entries VALUES ('656739df-3a82-478e-8694-3e8fb088a651', '5acb58ad-fa06-4710-95ee-b0b5877a2285', 'be5f0afd-5b81-4190-a7b7-661e7011dba8', 1500, 'pairs', '9e89324e-9f5a-45a3-a212-edd7d72adbdf', '2026-06-09 12:34:47.41', NULL, 'ADEQUATE', 30, '2026-06-09 12:34:47.411');
INSERT INTO public.stock_entries VALUES ('315c3574-4038-4222-b041-413d26b8505c', '5acb58ad-fa06-4710-95ee-b0b5877a2285', 'f0606c53-7b74-4cf4-9e58-122a434b6fb1', 200, 'packs', '9e89324e-9f5a-45a3-a212-edd7d72adbdf', '2026-06-09 12:34:47.411', NULL, 'LOW', 10, '2026-06-09 12:34:47.412');
INSERT INTO public.stock_entries VALUES ('d05aacfe-7f4e-4ba0-b2f1-bb21e7b4e99c', '5acb58ad-fa06-4710-95ee-b0b5877a2285', '049bf638-588f-4f6d-8e71-c203a42bdeb2', 90, 'kits', '9e89324e-9f5a-45a3-a212-edd7d72adbdf', '2026-06-09 12:34:47.411', NULL, 'CRITICAL', 3, '2026-06-09 12:34:47.412');
INSERT INTO public.stock_entries VALUES ('216b87af-6bfa-424b-a1bf-3e31f79175ce', '5acb58ad-fa06-4710-95ee-b0b5877a2285', 'eb07f5a1-061d-44d1-9876-911fd765469a', 0, 'kits', '9e89324e-9f5a-45a3-a212-edd7d72adbdf', '2026-06-09 12:34:47.412', NULL, 'STOCKOUT', 0, '2026-06-09 12:34:47.413');
INSERT INTO public.stock_entries VALUES ('9dca4ee2-0c3b-4afa-aa6d-436e8f8f3f74', 'afdaedaf-3835-4f10-8f0d-4376b4d8b95e', 'bb3d1a88-c916-409c-b9d4-cc04c85655ad', 3600, 'tablets', '9e89324e-9f5a-45a3-a212-edd7d72adbdf', '2026-06-09 12:34:47.413', NULL, 'ADEQUATE', 30, '2026-06-09 12:34:47.414');
INSERT INTO public.stock_entries VALUES ('300a6853-12be-4a7c-959b-34021352e571', 'afdaedaf-3835-4f10-8f0d-4376b4d8b95e', 'e84405c2-1dfe-4c5e-92f0-c21373289a00', 2400, 'tablets', '9e89324e-9f5a-45a3-a212-edd7d72adbdf', '2026-06-09 12:34:47.414', NULL, 'ADEQUATE', 30, '2026-06-09 12:34:47.415');
INSERT INTO public.stock_entries VALUES ('7650047a-0410-4bab-a27a-033f29dccb8e', 'afdaedaf-3835-4f10-8f0d-4376b4d8b95e', '33aaecdc-0e48-4cbd-9935-2e1dc3c11027', 600, 'tablets', '9e89324e-9f5a-45a3-a212-edd7d72adbdf', '2026-06-09 12:34:47.415', NULL, 'LOW', 10, '2026-06-09 12:34:47.415');
INSERT INTO public.stock_entries VALUES ('e936093f-d1ea-47aa-b314-573ef6402c60', 'afdaedaf-3835-4f10-8f0d-4376b4d8b95e', 'cf1c1ea2-a5bc-4e77-b8f9-40a336f0f821', 135, 'tablets', '9e89324e-9f5a-45a3-a212-edd7d72adbdf', '2026-06-09 12:34:47.415', NULL, 'CRITICAL', 3, '2026-06-09 12:34:47.416');
INSERT INTO public.stock_entries VALUES ('ce0263be-ede2-4a62-b103-8c3a2669c412', 'afdaedaf-3835-4f10-8f0d-4376b4d8b95e', 'fc59dee2-7019-4104-b7ec-a422bdf3a46a', 0, 'tablets', '9e89324e-9f5a-45a3-a212-edd7d72adbdf', '2026-06-09 12:34:47.416', NULL, 'STOCKOUT', 0, '2026-06-09 12:34:47.417');
INSERT INTO public.stock_entries VALUES ('ef10632e-280b-4e97-b31c-a8c909eb70f3', 'afdaedaf-3835-4f10-8f0d-4376b4d8b95e', '8c59eb4c-9872-4548-b90c-d764254db812', 6000, 'tablets', '9e89324e-9f5a-45a3-a212-edd7d72adbdf', '2026-06-09 12:34:47.418', NULL, 'ADEQUATE', 30, '2026-06-09 12:34:47.419');
INSERT INTO public.stock_entries VALUES ('2c12e69e-3514-4d56-bdc0-d6dd1e334194', 'afdaedaf-3835-4f10-8f0d-4376b4d8b95e', '477adda7-eb86-4fbb-9bc4-f9d007c7f9fa', 750, 'vials', '9e89324e-9f5a-45a3-a212-edd7d72adbdf', '2026-06-09 12:34:47.419', NULL, 'ADEQUATE', 30, '2026-06-09 12:34:47.419');
INSERT INTO public.stock_entries VALUES ('64a3b0fd-948b-47b2-8ac6-9ad3d8642d5a', 'afdaedaf-3835-4f10-8f0d-4376b4d8b95e', '8feebabc-17fe-4300-b33a-54a5505d719a', 400, 'tablets', '9e89324e-9f5a-45a3-a212-edd7d72adbdf', '2026-06-09 12:34:47.419', NULL, 'LOW', 10, '2026-06-09 12:34:47.42');
INSERT INTO public.stock_entries VALUES ('d168938f-af05-44f0-8bcd-3ab1f2f4acca', 'afdaedaf-3835-4f10-8f0d-4376b4d8b95e', 'c9c6507b-a866-4434-adfc-6d7e2b7aca5b', 270, 'tablets', '9e89324e-9f5a-45a3-a212-edd7d72adbdf', '2026-06-09 12:34:47.42', NULL, 'CRITICAL', 3, '2026-06-09 12:34:47.421');
INSERT INTO public.stock_entries VALUES ('c3664e67-cd67-483c-8da5-4d2b86f06907', 'afdaedaf-3835-4f10-8f0d-4376b4d8b95e', '40d054e6-3880-4b68-9991-b24e926e65ad', 0, 'tablets', '9e89324e-9f5a-45a3-a212-edd7d72adbdf', '2026-06-09 12:34:47.421', NULL, 'STOCKOUT', 0, '2026-06-09 12:34:47.422');
INSERT INTO public.stock_entries VALUES ('8e7d8297-ee86-410e-8ff4-8f1d94befee4', 'afdaedaf-3835-4f10-8f0d-4376b4d8b95e', '2e52bea0-3ff1-42b5-9e5b-848be8c8d005', 9000, 'tablets', '9e89324e-9f5a-45a3-a212-edd7d72adbdf', '2026-06-09 12:34:47.422', NULL, 'ADEQUATE', 30, '2026-06-09 12:34:47.423');
INSERT INTO public.stock_entries VALUES ('d40780a3-4a58-4869-ba36-3a4d03e90c2b', 'afdaedaf-3835-4f10-8f0d-4376b4d8b95e', 'dd6d1a86-a58f-41e0-83b2-58fd5eb89dc4', 2400, 'tablets', '9e89324e-9f5a-45a3-a212-edd7d72adbdf', '2026-06-09 12:34:47.423', NULL, 'ADEQUATE', 30, '2026-06-09 12:34:47.423');
INSERT INTO public.stock_entries VALUES ('277acb08-b3c7-46c3-9a5c-5563454afa25', 'afdaedaf-3835-4f10-8f0d-4376b4d8b95e', '7ec2379c-dc9b-4e98-af1b-b3cd0ef8bf64', 500, 'tablets', '9e89324e-9f5a-45a3-a212-edd7d72adbdf', '2026-06-09 12:34:47.423', NULL, 'LOW', 10, '2026-06-09 12:34:47.424');
INSERT INTO public.stock_entries VALUES ('fd48f5fd-6474-430f-ae1b-89e96cb19658', 'afdaedaf-3835-4f10-8f0d-4376b4d8b95e', 'a43bad01-4d6a-4fa0-8d4a-661346e6285b', 120, 'tablets', '9e89324e-9f5a-45a3-a212-edd7d72adbdf', '2026-06-09 12:34:47.424', NULL, 'CRITICAL', 3, '2026-06-09 12:34:47.424');
INSERT INTO public.stock_entries VALUES ('a6114b25-1747-4434-aeb7-9920e385d4df', 'afdaedaf-3835-4f10-8f0d-4376b4d8b95e', 'a678c9df-520f-45c8-9fd7-a261d465d909', 0, 'tablets', '9e89324e-9f5a-45a3-a212-edd7d72adbdf', '2026-06-09 12:34:47.425', NULL, 'STOCKOUT', 0, '2026-06-09 12:34:47.426');
INSERT INTO public.stock_entries VALUES ('4ff0b70e-510f-47bb-8d5b-b0db88a4ed94', 'afdaedaf-3835-4f10-8f0d-4376b4d8b95e', 'b8186368-d15a-4b85-9907-7fd6595c56d2', 750, 'tablets', '9e89324e-9f5a-45a3-a212-edd7d72adbdf', '2026-06-09 12:34:47.426', NULL, 'ADEQUATE', 30, '2026-06-09 12:34:47.427');
INSERT INTO public.stock_entries VALUES ('3e92bf62-ba5d-4530-a6e9-bf7bb0955ad3', 'afdaedaf-3835-4f10-8f0d-4376b4d8b95e', '5c4d230d-6aaa-4e97-a7e2-a63cf1934e7d', 150, 'vials', '9e89324e-9f5a-45a3-a212-edd7d72adbdf', '2026-06-09 12:34:47.426', NULL, 'ADEQUATE', 30, '2026-06-09 12:34:47.427');
INSERT INTO public.stock_entries VALUES ('cc3705e1-c43c-4cd5-a6f7-508a8dc6f54b', 'afdaedaf-3835-4f10-8f0d-4376b4d8b95e', 'b4d4ab6b-ba2a-48d1-88fe-b6b10f188e36', 80, 'vials', '9e89324e-9f5a-45a3-a212-edd7d72adbdf', '2026-06-09 12:34:47.427', NULL, 'LOW', 10, '2026-06-09 12:34:47.428');
INSERT INTO public.stock_entries VALUES ('556ce8c7-9ae4-4ab7-beaa-189cce85d6be', 'afdaedaf-3835-4f10-8f0d-4376b4d8b95e', 'e8f2281f-41e5-473e-9391-f13f5b33987b', 45, 'ampoules', '9e89324e-9f5a-45a3-a212-edd7d72adbdf', '2026-06-09 12:34:47.428', NULL, 'CRITICAL', 3, '2026-06-09 12:34:47.429');
INSERT INTO public.stock_entries VALUES ('7907b107-b5d5-4ce3-b45d-2270ac24b9c6', 'afdaedaf-3835-4f10-8f0d-4376b4d8b95e', 'f4d02f3a-0125-42d0-976a-bfcf384fb911', 0, 'tablets', '9e89324e-9f5a-45a3-a212-edd7d72adbdf', '2026-06-09 12:34:47.429', NULL, 'STOCKOUT', 0, '2026-06-09 12:34:47.43');
INSERT INTO public.stock_entries VALUES ('4748a9c4-0acf-4a5e-8346-55e66816cb7e', 'afdaedaf-3835-4f10-8f0d-4376b4d8b95e', '50923088-d1cd-4b45-9028-4527829305d1', 300, 'vials', '9e89324e-9f5a-45a3-a212-edd7d72adbdf', '2026-06-09 12:34:47.43', NULL, 'ADEQUATE', 30, '2026-06-09 12:34:47.431');
INSERT INTO public.stock_entries VALUES ('41938df9-e540-403e-be41-ab2c9911eb4e', 'afdaedaf-3835-4f10-8f0d-4376b4d8b95e', 'be5f0afd-5b81-4190-a7b7-661e7011dba8', 1500, 'pairs', '9e89324e-9f5a-45a3-a212-edd7d72adbdf', '2026-06-09 12:34:47.431', NULL, 'ADEQUATE', 30, '2026-06-09 12:34:47.432');
INSERT INTO public.stock_entries VALUES ('d37f32b9-4155-436d-9302-2e0bf5d4812b', 'afdaedaf-3835-4f10-8f0d-4376b4d8b95e', 'f0606c53-7b74-4cf4-9e58-122a434b6fb1', 200, 'packs', '9e89324e-9f5a-45a3-a212-edd7d72adbdf', '2026-06-09 12:34:47.431', NULL, 'LOW', 10, '2026-06-09 12:34:47.432');
INSERT INTO public.stock_entries VALUES ('cc5b91cc-50d5-4593-9a9e-1bf92b2788a2', 'afdaedaf-3835-4f10-8f0d-4376b4d8b95e', '049bf638-588f-4f6d-8e71-c203a42bdeb2', 90, 'kits', '9e89324e-9f5a-45a3-a212-edd7d72adbdf', '2026-06-09 12:34:47.432', NULL, 'CRITICAL', 3, '2026-06-09 12:34:47.433');
INSERT INTO public.stock_entries VALUES ('d56124b7-49ac-4c38-90b6-94a6c99f7793', 'afdaedaf-3835-4f10-8f0d-4376b4d8b95e', 'eb07f5a1-061d-44d1-9876-911fd765469a', 0, 'kits', '9e89324e-9f5a-45a3-a212-edd7d72adbdf', '2026-06-09 12:34:47.433', NULL, 'STOCKOUT', 0, '2026-06-09 12:34:47.434');
INSERT INTO public.stock_entries VALUES ('1fc6785f-fd49-4d6c-a825-875f763f932d', 'd4046f21-6e86-4cc2-b440-08922d557723', 'bb3d1a88-c916-409c-b9d4-cc04c85655ad', 3600, 'tablets', '9e89324e-9f5a-45a3-a212-edd7d72adbdf', '2026-06-09 12:34:47.435', NULL, 'ADEQUATE', 30, '2026-06-09 12:34:47.436');
INSERT INTO public.stock_entries VALUES ('e93aaf09-1560-4cc5-aaad-7d334bfc622e', 'd4046f21-6e86-4cc2-b440-08922d557723', 'e84405c2-1dfe-4c5e-92f0-c21373289a00', 2400, 'tablets', '9e89324e-9f5a-45a3-a212-edd7d72adbdf', '2026-06-09 12:34:47.436', NULL, 'ADEQUATE', 30, '2026-06-09 12:34:47.437');
INSERT INTO public.stock_entries VALUES ('a07bae0a-210d-4061-af85-8b6eb7f623df', 'd4046f21-6e86-4cc2-b440-08922d557723', '33aaecdc-0e48-4cbd-9935-2e1dc3c11027', 600, 'tablets', '9e89324e-9f5a-45a3-a212-edd7d72adbdf', '2026-06-09 12:34:47.436', NULL, 'LOW', 10, '2026-06-09 12:34:47.437');
INSERT INTO public.stock_entries VALUES ('6ab20cfe-9235-4154-9b28-86ff22ec11dc', 'd4046f21-6e86-4cc2-b440-08922d557723', 'cf1c1ea2-a5bc-4e77-b8f9-40a336f0f821', 135, 'tablets', '9e89324e-9f5a-45a3-a212-edd7d72adbdf', '2026-06-09 12:34:47.437', NULL, 'CRITICAL', 3, '2026-06-09 12:34:47.438');
INSERT INTO public.stock_entries VALUES ('74c6104a-f501-48b5-8217-e292bf49e06e', 'd4046f21-6e86-4cc2-b440-08922d557723', 'fc59dee2-7019-4104-b7ec-a422bdf3a46a', 0, 'tablets', '9e89324e-9f5a-45a3-a212-edd7d72adbdf', '2026-06-09 12:34:47.438', NULL, 'STOCKOUT', 0, '2026-06-09 12:34:47.439');
INSERT INTO public.stock_entries VALUES ('a027e059-a083-42d1-8058-bb4135235cf5', 'd4046f21-6e86-4cc2-b440-08922d557723', '8c59eb4c-9872-4548-b90c-d764254db812', 6000, 'tablets', '9e89324e-9f5a-45a3-a212-edd7d72adbdf', '2026-06-09 12:34:47.439', NULL, 'ADEQUATE', 30, '2026-06-09 12:34:47.44');
INSERT INTO public.stock_entries VALUES ('e2315c0b-f390-4e44-9507-41dd31476159', 'd4046f21-6e86-4cc2-b440-08922d557723', '477adda7-eb86-4fbb-9bc4-f9d007c7f9fa', 750, 'vials', '9e89324e-9f5a-45a3-a212-edd7d72adbdf', '2026-06-09 12:34:47.44', NULL, 'ADEQUATE', 30, '2026-06-09 12:34:47.44');
INSERT INTO public.stock_entries VALUES ('523246dd-e3ad-46c1-a435-77b146548c05', 'd4046f21-6e86-4cc2-b440-08922d557723', '8feebabc-17fe-4300-b33a-54a5505d719a', 400, 'tablets', '9e89324e-9f5a-45a3-a212-edd7d72adbdf', '2026-06-09 12:34:47.44', NULL, 'LOW', 10, '2026-06-09 12:34:47.441');
INSERT INTO public.stock_entries VALUES ('aa719218-cb56-40c0-94a6-2b728c8bc879', 'd4046f21-6e86-4cc2-b440-08922d557723', 'c9c6507b-a866-4434-adfc-6d7e2b7aca5b', 270, 'tablets', '9e89324e-9f5a-45a3-a212-edd7d72adbdf', '2026-06-09 12:34:47.441', NULL, 'CRITICAL', 3, '2026-06-09 12:34:47.442');
INSERT INTO public.stock_entries VALUES ('cf7c6fef-2c23-46fd-bdb0-9d574f5f418e', 'd4046f21-6e86-4cc2-b440-08922d557723', '40d054e6-3880-4b68-9991-b24e926e65ad', 0, 'tablets', '9e89324e-9f5a-45a3-a212-edd7d72adbdf', '2026-06-09 12:34:47.443', NULL, 'STOCKOUT', 0, '2026-06-09 12:34:47.444');
INSERT INTO public.stock_entries VALUES ('d848c348-965f-4ba2-8f37-ced96913f5ea', 'd4046f21-6e86-4cc2-b440-08922d557723', '2e52bea0-3ff1-42b5-9e5b-848be8c8d005', 9000, 'tablets', '9e89324e-9f5a-45a3-a212-edd7d72adbdf', '2026-06-09 12:34:47.444', NULL, 'ADEQUATE', 30, '2026-06-09 12:34:47.445');
INSERT INTO public.stock_entries VALUES ('787bca71-ac7b-4243-bdf8-e4171d0d30f3', 'd4046f21-6e86-4cc2-b440-08922d557723', 'dd6d1a86-a58f-41e0-83b2-58fd5eb89dc4', 2400, 'tablets', '9e89324e-9f5a-45a3-a212-edd7d72adbdf', '2026-06-09 12:34:47.444', NULL, 'ADEQUATE', 30, '2026-06-09 12:34:47.445');
INSERT INTO public.stock_entries VALUES ('3ed20487-0b0a-406e-bbce-a76458273cf6', 'd4046f21-6e86-4cc2-b440-08922d557723', '7ec2379c-dc9b-4e98-af1b-b3cd0ef8bf64', 500, 'tablets', '9e89324e-9f5a-45a3-a212-edd7d72adbdf', '2026-06-09 12:34:47.445', NULL, 'LOW', 10, '2026-06-09 12:34:47.446');
INSERT INTO public.stock_entries VALUES ('ee51ee1b-2181-489d-8f7b-6b9da42cfb0e', 'd4046f21-6e86-4cc2-b440-08922d557723', 'a43bad01-4d6a-4fa0-8d4a-661346e6285b', 120, 'tablets', '9e89324e-9f5a-45a3-a212-edd7d72adbdf', '2026-06-09 12:34:47.445', NULL, 'CRITICAL', 3, '2026-06-09 12:34:47.446');
INSERT INTO public.stock_entries VALUES ('1d2b5381-5ba2-440c-b3d3-6036e071db92', 'd4046f21-6e86-4cc2-b440-08922d557723', 'a678c9df-520f-45c8-9fd7-a261d465d909', 0, 'tablets', '9e89324e-9f5a-45a3-a212-edd7d72adbdf', '2026-06-09 12:34:47.446', NULL, 'STOCKOUT', 0, '2026-06-09 12:34:47.447');
INSERT INTO public.stock_entries VALUES ('290dac8b-19b6-4777-93f1-d30d15351cf1', 'd4046f21-6e86-4cc2-b440-08922d557723', 'b8186368-d15a-4b85-9907-7fd6595c56d2', 750, 'tablets', '9e89324e-9f5a-45a3-a212-edd7d72adbdf', '2026-06-09 12:34:47.448', NULL, 'ADEQUATE', 30, '2026-06-09 12:34:47.448');
INSERT INTO public.stock_entries VALUES ('01c9aa5b-cf6d-418d-bc82-609108b49cd2', 'd4046f21-6e86-4cc2-b440-08922d557723', '5c4d230d-6aaa-4e97-a7e2-a63cf1934e7d', 150, 'vials', '9e89324e-9f5a-45a3-a212-edd7d72adbdf', '2026-06-09 12:34:47.448', NULL, 'ADEQUATE', 30, '2026-06-09 12:34:47.449');
INSERT INTO public.stock_entries VALUES ('de0553ca-f2c5-42f6-a8bd-055668add3bc', 'd4046f21-6e86-4cc2-b440-08922d557723', 'b4d4ab6b-ba2a-48d1-88fe-b6b10f188e36', 80, 'vials', '9e89324e-9f5a-45a3-a212-edd7d72adbdf', '2026-06-09 12:34:47.449', NULL, 'LOW', 10, '2026-06-09 12:34:47.449');
INSERT INTO public.stock_entries VALUES ('a535a083-7b79-494a-9770-b119b25e2173', 'd4046f21-6e86-4cc2-b440-08922d557723', 'e8f2281f-41e5-473e-9391-f13f5b33987b', 45, 'ampoules', '9e89324e-9f5a-45a3-a212-edd7d72adbdf', '2026-06-09 12:34:47.449', NULL, 'CRITICAL', 3, '2026-06-09 12:34:47.45');
INSERT INTO public.stock_entries VALUES ('6334ee2c-6b54-42ca-86d6-97470632f2e7', 'd4046f21-6e86-4cc2-b440-08922d557723', 'f4d02f3a-0125-42d0-976a-bfcf384fb911', 0, 'tablets', '9e89324e-9f5a-45a3-a212-edd7d72adbdf', '2026-06-09 12:34:47.451', NULL, 'STOCKOUT', 0, '2026-06-09 12:34:47.452');
INSERT INTO public.stock_entries VALUES ('f81f8f9e-abe8-41ed-adf6-6638fb8b0e8c', 'd4046f21-6e86-4cc2-b440-08922d557723', '50923088-d1cd-4b45-9028-4527829305d1', 300, 'vials', '9e89324e-9f5a-45a3-a212-edd7d72adbdf', '2026-06-09 12:34:47.452', NULL, 'ADEQUATE', 30, '2026-06-09 12:34:47.453');
INSERT INTO public.stock_entries VALUES ('91a60fea-e4cd-4151-9f99-7558bd6ab06d', 'd4046f21-6e86-4cc2-b440-08922d557723', 'be5f0afd-5b81-4190-a7b7-661e7011dba8', 1500, 'pairs', '9e89324e-9f5a-45a3-a212-edd7d72adbdf', '2026-06-09 12:34:47.453', NULL, 'ADEQUATE', 30, '2026-06-09 12:34:47.454');
INSERT INTO public.stock_entries VALUES ('9969bfe6-77bc-4723-9851-d8153a5df9d5', 'd4046f21-6e86-4cc2-b440-08922d557723', 'f0606c53-7b74-4cf4-9e58-122a434b6fb1', 200, 'packs', '9e89324e-9f5a-45a3-a212-edd7d72adbdf', '2026-06-09 12:34:47.453', NULL, 'LOW', 10, '2026-06-09 12:34:47.454');
INSERT INTO public.stock_entries VALUES ('05b4298b-1b72-4cc2-9d33-6d368fa0c8be', 'd4046f21-6e86-4cc2-b440-08922d557723', '049bf638-588f-4f6d-8e71-c203a42bdeb2', 90, 'kits', '9e89324e-9f5a-45a3-a212-edd7d72adbdf', '2026-06-09 12:34:47.454', NULL, 'CRITICAL', 3, '2026-06-09 12:34:47.455');
INSERT INTO public.stock_entries VALUES ('f845551a-4229-4602-af21-b22cdb3f9cec', 'd4046f21-6e86-4cc2-b440-08922d557723', 'eb07f5a1-061d-44d1-9876-911fd765469a', 0, 'kits', '9e89324e-9f5a-45a3-a212-edd7d72adbdf', '2026-06-09 12:34:47.455', NULL, 'STOCKOUT', 0, '2026-06-09 12:34:47.456');

-- Table: alerts
INSERT INTO public.alerts VALUES ('e98c8dab-5305-449b-92c9-3c670b614727', '4237a330-8d82-4e05-ac23-6fa09e0a12ca', 'cf1c1ea2-a5bc-4e77-b8f9-40a336f0f821', 'Metronidazole 400mg', 'WARNING', 'STOCK_CRITICAL', 'Metronidazole 400mg at Gayaza Hospital is critically low.', 'ACTIVE', NULL, NULL, false, NULL, '2026-06-09 12:34:47.345', '2026-06-09 12:34:47.345');
INSERT INTO public.alerts VALUES ('52b58bad-0604-41a7-9c0d-e263d08f4f50', '4237a330-8d82-4e05-ac23-6fa09e0a12ca', 'fc59dee2-7019-4104-b7ec-a422bdf3a46a', 'Ciprofloxacin 500mg', 'CRITICAL', 'STOCKOUT', 'Ciprofloxacin 500mg at Gayaza Hospital is out of stock.', 'ACKNOWLEDGED', NULL, NULL, false, NULL, '2026-06-09 12:34:47.354', '2026-06-09 12:34:47.354');
INSERT INTO public.alerts VALUES ('87c462f3-addb-4b24-9eed-7c39c0a941d8', '4237a330-8d82-4e05-ac23-6fa09e0a12ca', 'c9c6507b-a866-4434-adfc-6d7e2b7aca5b', 'Tenofovir/Lamivudine/Dolutegravir', 'WARNING', 'STOCK_CRITICAL', 'Tenofovir/Lamivudine/Dolutegravir at Gayaza Hospital is critically low.', 'RESOLVED', NULL, NULL, false, NULL, '2026-06-09 12:34:47.359', '2026-06-09 12:34:47.359');
INSERT INTO public.alerts VALUES ('0070e7da-76ed-4bf5-97da-fc4cf56b814c', '4237a330-8d82-4e05-ac23-6fa09e0a12ca', '40d054e6-3880-4b68-9991-b24e926e65ad', 'Zidovudine/Lamivudine', 'CRITICAL', 'STOCKOUT', 'Zidovudine/Lamivudine at Gayaza Hospital is out of stock.', 'ACTIVE', NULL, NULL, false, NULL, '2026-06-09 12:34:47.36', '2026-06-09 12:34:47.36');
INSERT INTO public.alerts VALUES ('dfd629a3-d7ec-49f8-8476-f5149c99e6fa', '4237a330-8d82-4e05-ac23-6fa09e0a12ca', 'a43bad01-4d6a-4fa0-8d4a-661346e6285b', 'Enalapril 5mg', 'WARNING', 'STOCK_CRITICAL', 'Enalapril 5mg at Gayaza Hospital is critically low.', 'ACKNOWLEDGED', NULL, NULL, false, NULL, '2026-06-09 12:34:47.364', '2026-06-09 12:34:47.364');
INSERT INTO public.alerts VALUES ('a0208fb4-0be3-4ce6-a6d8-a4b2296a8595', '4237a330-8d82-4e05-ac23-6fa09e0a12ca', 'a678c9df-520f-45c8-9fd7-a261d465d909', 'Metformin 500mg', 'CRITICAL', 'STOCKOUT', 'Metformin 500mg at Gayaza Hospital is out of stock.', 'RESOLVED', NULL, NULL, false, NULL, '2026-06-09 12:34:47.365', '2026-06-09 12:34:47.365');
INSERT INTO public.alerts VALUES ('866e3d98-db3d-480b-a018-b3c860a379ef', '4237a330-8d82-4e05-ac23-6fa09e0a12ca', 'e8f2281f-41e5-473e-9391-f13f5b33987b', 'Oxytocin 10 IU', 'WARNING', 'STOCK_CRITICAL', 'Oxytocin 10 IU at Gayaza Hospital is critically low.', 'ACTIVE', NULL, NULL, false, NULL, '2026-06-09 12:34:47.37', '2026-06-09 12:34:47.37');
INSERT INTO public.alerts VALUES ('5869b0e2-35e9-4965-83c4-0c087a707a48', '4237a330-8d82-4e05-ac23-6fa09e0a12ca', 'f4d02f3a-0125-42d0-976a-bfcf384fb911', 'Ferrous Folate', 'CRITICAL', 'STOCKOUT', 'Ferrous Folate at Gayaza Hospital is out of stock.', 'ACKNOWLEDGED', NULL, NULL, false, NULL, '2026-06-09 12:34:47.371', '2026-06-09 12:34:47.371');
INSERT INTO public.alerts VALUES ('1200a8d1-5ba4-4bf9-9baf-8ab0a6fb2c79', '4237a330-8d82-4e05-ac23-6fa09e0a12ca', '049bf638-588f-4f6d-8e71-c203a42bdeb2', 'HIV Rapid Test Kit', 'WARNING', 'STOCK_CRITICAL', 'HIV Rapid Test Kit at Gayaza Hospital is critically low.', 'RESOLVED', NULL, NULL, false, NULL, '2026-06-09 12:34:47.374', '2026-06-09 12:34:47.374');
INSERT INTO public.alerts VALUES ('f78cec24-b017-4bd4-baac-ee110a01c521', '4237a330-8d82-4e05-ac23-6fa09e0a12ca', 'eb07f5a1-061d-44d1-9876-911fd765469a', 'Malaria RDT', 'CRITICAL', 'STOCKOUT', 'Malaria RDT at Gayaza Hospital is out of stock.', 'ACTIVE', NULL, NULL, false, NULL, '2026-06-09 12:34:47.375', '2026-06-09 12:34:47.375');
INSERT INTO public.alerts VALUES ('0a0681ce-7c74-4a36-a9b2-a2aa02214540', '912e9529-6d32-411e-a324-f4766acfc760', 'cf1c1ea2-a5bc-4e77-b8f9-40a336f0f821', 'Metronidazole 400mg', 'WARNING', 'STOCK_CRITICAL', 'Metronidazole 400mg at Kasangati HC III is critically low.', 'ACTIVE', NULL, NULL, false, NULL, '2026-06-09 12:34:47.378', '2026-06-09 12:34:47.378');
INSERT INTO public.alerts VALUES ('401c2fe7-d9de-4f93-83bf-ba339db33a00', '912e9529-6d32-411e-a324-f4766acfc760', 'fc59dee2-7019-4104-b7ec-a422bdf3a46a', 'Ciprofloxacin 500mg', 'CRITICAL', 'STOCKOUT', 'Ciprofloxacin 500mg at Kasangati HC III is out of stock.', 'ACKNOWLEDGED', NULL, NULL, false, NULL, '2026-06-09 12:34:47.379', '2026-06-09 12:34:47.379');
INSERT INTO public.alerts VALUES ('ee9c1921-472e-4fa8-a281-c36ca968a4c1', '912e9529-6d32-411e-a324-f4766acfc760', 'c9c6507b-a866-4434-adfc-6d7e2b7aca5b', 'Tenofovir/Lamivudine/Dolutegravir', 'WARNING', 'STOCK_CRITICAL', 'Tenofovir/Lamivudine/Dolutegravir at Kasangati HC III is critically low.', 'RESOLVED', NULL, NULL, false, NULL, '2026-06-09 12:34:47.382', '2026-06-09 12:34:47.382');
INSERT INTO public.alerts VALUES ('d861ab32-39dd-41dd-ae46-53c48568256c', '912e9529-6d32-411e-a324-f4766acfc760', '40d054e6-3880-4b68-9991-b24e926e65ad', 'Zidovudine/Lamivudine', 'CRITICAL', 'STOCKOUT', 'Zidovudine/Lamivudine at Kasangati HC III is out of stock.', 'ACTIVE', NULL, NULL, false, NULL, '2026-06-09 12:34:47.383', '2026-06-09 12:34:47.383');
INSERT INTO public.alerts VALUES ('aae77a64-a8a0-4689-9eaa-3029cad43243', '912e9529-6d32-411e-a324-f4766acfc760', 'a43bad01-4d6a-4fa0-8d4a-661346e6285b', 'Enalapril 5mg', 'WARNING', 'STOCK_CRITICAL', 'Enalapril 5mg at Kasangati HC III is critically low.', 'ACKNOWLEDGED', NULL, NULL, false, NULL, '2026-06-09 12:34:47.386', '2026-06-09 12:34:47.386');
INSERT INTO public.alerts VALUES ('6bdc2852-1a7e-45a3-9755-21323a2a2f6c', '912e9529-6d32-411e-a324-f4766acfc760', 'a678c9df-520f-45c8-9fd7-a261d465d909', 'Metformin 500mg', 'CRITICAL', 'STOCKOUT', 'Metformin 500mg at Kasangati HC III is out of stock.', 'RESOLVED', NULL, NULL, false, NULL, '2026-06-09 12:34:47.387', '2026-06-09 12:34:47.387');
INSERT INTO public.alerts VALUES ('82932fb3-5a2c-4b95-bd6b-f963483ee3f0', '912e9529-6d32-411e-a324-f4766acfc760', 'e8f2281f-41e5-473e-9391-f13f5b33987b', 'Oxytocin 10 IU', 'WARNING', 'STOCK_CRITICAL', 'Oxytocin 10 IU at Kasangati HC III is critically low.', 'ACTIVE', NULL, NULL, false, NULL, '2026-06-09 12:34:47.39', '2026-06-09 12:34:47.39');
INSERT INTO public.alerts VALUES ('965654a8-a720-4c45-b4c6-f93c839da93b', '912e9529-6d32-411e-a324-f4766acfc760', 'f4d02f3a-0125-42d0-976a-bfcf384fb911', 'Ferrous Folate', 'CRITICAL', 'STOCKOUT', 'Ferrous Folate at Kasangati HC III is out of stock.', 'ACKNOWLEDGED', NULL, NULL, false, NULL, '2026-06-09 12:34:47.391', '2026-06-09 12:34:47.391');
INSERT INTO public.alerts VALUES ('3f6a8465-129c-4928-960b-14dd35b68222', '912e9529-6d32-411e-a324-f4766acfc760', '049bf638-588f-4f6d-8e71-c203a42bdeb2', 'HIV Rapid Test Kit', 'WARNING', 'STOCK_CRITICAL', 'HIV Rapid Test Kit at Kasangati HC III is critically low.', 'RESOLVED', NULL, NULL, false, NULL, '2026-06-09 12:34:47.394', '2026-06-09 12:34:47.394');
INSERT INTO public.alerts VALUES ('ac9e7123-1d76-4e93-8ab9-3c35c5253f77', '912e9529-6d32-411e-a324-f4766acfc760', 'eb07f5a1-061d-44d1-9876-911fd765469a', 'Malaria RDT', 'CRITICAL', 'STOCKOUT', 'Malaria RDT at Kasangati HC III is out of stock.', 'ACTIVE', NULL, NULL, false, NULL, '2026-06-09 12:34:47.395', '2026-06-09 12:34:47.395');
INSERT INTO public.alerts VALUES ('ab45de4c-f8f5-484a-b5ae-3a15eeaf50d5', '5acb58ad-fa06-4710-95ee-b0b5877a2285', 'cf1c1ea2-a5bc-4e77-b8f9-40a336f0f821', 'Metronidazole 400mg', 'WARNING', 'STOCK_CRITICAL', 'Metronidazole 400mg at Nansana HC IV is critically low.', 'ACTIVE', NULL, NULL, false, NULL, '2026-06-09 12:34:47.397', '2026-06-09 12:34:47.397');
INSERT INTO public.alerts VALUES ('27f49c06-4318-4536-aceb-6fe1ad070dca', '5acb58ad-fa06-4710-95ee-b0b5877a2285', 'fc59dee2-7019-4104-b7ec-a422bdf3a46a', 'Ciprofloxacin 500mg', 'CRITICAL', 'STOCKOUT', 'Ciprofloxacin 500mg at Nansana HC IV is out of stock.', 'ACKNOWLEDGED', NULL, NULL, false, NULL, '2026-06-09 12:34:47.398', '2026-06-09 12:34:47.398');
INSERT INTO public.alerts VALUES ('9f908556-bc99-41d2-a0e5-c22261f3277e', '5acb58ad-fa06-4710-95ee-b0b5877a2285', 'c9c6507b-a866-4434-adfc-6d7e2b7aca5b', 'Tenofovir/Lamivudine/Dolutegravir', 'WARNING', 'STOCK_CRITICAL', 'Tenofovir/Lamivudine/Dolutegravir at Nansana HC IV is critically low.', 'RESOLVED', NULL, NULL, false, NULL, '2026-06-09 12:34:47.402', '2026-06-09 12:34:47.402');
INSERT INTO public.alerts VALUES ('b699d79e-4358-454c-9203-f906c9e23355', '5acb58ad-fa06-4710-95ee-b0b5877a2285', '40d054e6-3880-4b68-9991-b24e926e65ad', 'Zidovudine/Lamivudine', 'CRITICAL', 'STOCKOUT', 'Zidovudine/Lamivudine at Nansana HC IV is out of stock.', 'ACTIVE', NULL, NULL, false, NULL, '2026-06-09 12:34:47.403', '2026-06-09 12:34:47.403');
INSERT INTO public.alerts VALUES ('3ed6e1d0-357a-4e38-a220-008b61f0fc26', '5acb58ad-fa06-4710-95ee-b0b5877a2285', 'a43bad01-4d6a-4fa0-8d4a-661346e6285b', 'Enalapril 5mg', 'WARNING', 'STOCK_CRITICAL', 'Enalapril 5mg at Nansana HC IV is critically low.', 'ACKNOWLEDGED', NULL, NULL, false, NULL, '2026-06-09 12:34:47.406', '2026-06-09 12:34:47.406');
INSERT INTO public.alerts VALUES ('5883b6d4-6c11-4202-a25f-354cf75fb1b4', '5acb58ad-fa06-4710-95ee-b0b5877a2285', 'a678c9df-520f-45c8-9fd7-a261d465d909', 'Metformin 500mg', 'CRITICAL', 'STOCKOUT', 'Metformin 500mg at Nansana HC IV is out of stock.', 'RESOLVED', NULL, NULL, false, NULL, '2026-06-09 12:34:47.407', '2026-06-09 12:34:47.407');
INSERT INTO public.alerts VALUES ('3c626008-199e-4c42-ae94-f0b370649668', '5acb58ad-fa06-4710-95ee-b0b5877a2285', 'e8f2281f-41e5-473e-9391-f13f5b33987b', 'Oxytocin 10 IU', 'WARNING', 'STOCK_CRITICAL', 'Oxytocin 10 IU at Nansana HC IV is critically low.', 'ACTIVE', NULL, NULL, false, NULL, '2026-06-09 12:34:47.409', '2026-06-09 12:34:47.409');
INSERT INTO public.alerts VALUES ('058eb9cb-e076-4196-a95c-6507aafbeb22', '5acb58ad-fa06-4710-95ee-b0b5877a2285', 'f4d02f3a-0125-42d0-976a-bfcf384fb911', 'Ferrous Folate', 'CRITICAL', 'STOCKOUT', 'Ferrous Folate at Nansana HC IV is out of stock.', 'ACKNOWLEDGED', NULL, NULL, false, NULL, '2026-06-09 12:34:47.41', '2026-06-09 12:34:47.41');
INSERT INTO public.alerts VALUES ('320cfa25-e929-48ce-bd46-f0f73a29346b', '5acb58ad-fa06-4710-95ee-b0b5877a2285', '049bf638-588f-4f6d-8e71-c203a42bdeb2', 'HIV Rapid Test Kit', 'WARNING', 'STOCK_CRITICAL', 'HIV Rapid Test Kit at Nansana HC IV is critically low.', 'RESOLVED', NULL, NULL, false, NULL, '2026-06-09 12:34:47.413', '2026-06-09 12:34:47.413');
INSERT INTO public.alerts VALUES ('ecb1dcf9-e340-49f4-ba58-a429d3374bd9', '5acb58ad-fa06-4710-95ee-b0b5877a2285', 'eb07f5a1-061d-44d1-9876-911fd765469a', 'Malaria RDT', 'CRITICAL', 'STOCKOUT', 'Malaria RDT at Nansana HC IV is out of stock.', 'ACTIVE', NULL, NULL, false, NULL, '2026-06-09 12:34:47.414', '2026-06-09 12:34:47.414');
INSERT INTO public.alerts VALUES ('a33ac07a-4b86-4e50-807f-dd978df48581', 'afdaedaf-3835-4f10-8f0d-4376b4d8b95e', 'cf1c1ea2-a5bc-4e77-b8f9-40a336f0f821', 'Metronidazole 400mg', 'WARNING', 'STOCK_CRITICAL', 'Metronidazole 400mg at Wakiso HC III is critically low.', 'ACTIVE', NULL, NULL, false, NULL, '2026-06-09 12:34:47.416', '2026-06-09 12:34:47.416');
INSERT INTO public.alerts VALUES ('1ef45280-06b9-48f3-9445-03a99daa5761', 'afdaedaf-3835-4f10-8f0d-4376b4d8b95e', 'fc59dee2-7019-4104-b7ec-a422bdf3a46a', 'Ciprofloxacin 500mg', 'CRITICAL', 'STOCKOUT', 'Ciprofloxacin 500mg at Wakiso HC III is out of stock.', 'ACKNOWLEDGED', NULL, NULL, false, NULL, '2026-06-09 12:34:47.418', '2026-06-09 12:34:47.418');
INSERT INTO public.alerts VALUES ('14352361-8ee7-44f8-a1e8-3e7038eebe46', 'afdaedaf-3835-4f10-8f0d-4376b4d8b95e', 'c9c6507b-a866-4434-adfc-6d7e2b7aca5b', 'Tenofovir/Lamivudine/Dolutegravir', 'WARNING', 'STOCK_CRITICAL', 'Tenofovir/Lamivudine/Dolutegravir at Wakiso HC III is critically low.', 'RESOLVED', NULL, NULL, false, NULL, '2026-06-09 12:34:47.421', '2026-06-09 12:34:47.421');
INSERT INTO public.alerts VALUES ('20a3e60c-6f27-44d5-8dc9-4763e83b5a18', 'afdaedaf-3835-4f10-8f0d-4376b4d8b95e', '40d054e6-3880-4b68-9991-b24e926e65ad', 'Zidovudine/Lamivudine', 'CRITICAL', 'STOCKOUT', 'Zidovudine/Lamivudine at Wakiso HC III is out of stock.', 'ACTIVE', NULL, NULL, false, NULL, '2026-06-09 12:34:47.422', '2026-06-09 12:34:47.422');
INSERT INTO public.alerts VALUES ('9e74d091-5a31-4c24-beaf-eedfcc0c5953', 'afdaedaf-3835-4f10-8f0d-4376b4d8b95e', 'a43bad01-4d6a-4fa0-8d4a-661346e6285b', 'Enalapril 5mg', 'WARNING', 'STOCK_CRITICAL', 'Enalapril 5mg at Wakiso HC III is critically low.', 'ACKNOWLEDGED', NULL, NULL, false, NULL, '2026-06-09 12:34:47.425', '2026-06-09 12:34:47.425');
INSERT INTO public.alerts VALUES ('9a1a89de-3897-4b4b-a9af-1992a98f929c', 'afdaedaf-3835-4f10-8f0d-4376b4d8b95e', 'a678c9df-520f-45c8-9fd7-a261d465d909', 'Metformin 500mg', 'CRITICAL', 'STOCKOUT', 'Metformin 500mg at Wakiso HC III is out of stock.', 'RESOLVED', NULL, NULL, false, NULL, '2026-06-09 12:34:47.426', '2026-06-09 12:34:47.426');
INSERT INTO public.alerts VALUES ('169f1fcf-b035-48b4-a3fb-8756b64e68cd', 'afdaedaf-3835-4f10-8f0d-4376b4d8b95e', 'e8f2281f-41e5-473e-9391-f13f5b33987b', 'Oxytocin 10 IU', 'WARNING', 'STOCK_CRITICAL', 'Oxytocin 10 IU at Wakiso HC III is critically low.', 'ACTIVE', NULL, NULL, false, NULL, '2026-06-09 12:34:47.429', '2026-06-09 12:34:47.429');
INSERT INTO public.alerts VALUES ('5db7f684-32df-4b34-aac8-c23783440494', 'afdaedaf-3835-4f10-8f0d-4376b4d8b95e', 'f4d02f3a-0125-42d0-976a-bfcf384fb911', 'Ferrous Folate', 'CRITICAL', 'STOCKOUT', 'Ferrous Folate at Wakiso HC III is out of stock.', 'ACKNOWLEDGED', NULL, NULL, false, NULL, '2026-06-09 12:34:47.43', '2026-06-09 12:34:47.43');
INSERT INTO public.alerts VALUES ('1b549871-b80d-46a6-866d-f973a509210c', 'afdaedaf-3835-4f10-8f0d-4376b4d8b95e', '049bf638-588f-4f6d-8e71-c203a42bdeb2', 'HIV Rapid Test Kit', 'WARNING', 'STOCK_CRITICAL', 'HIV Rapid Test Kit at Wakiso HC III is critically low.', 'RESOLVED', NULL, NULL, false, NULL, '2026-06-09 12:34:47.433', '2026-06-09 12:34:47.433');
INSERT INTO public.alerts VALUES ('fec70219-b56c-4b9a-a0d1-9a27ebf0ed03', 'afdaedaf-3835-4f10-8f0d-4376b4d8b95e', 'eb07f5a1-061d-44d1-9876-911fd765469a', 'Malaria RDT', 'CRITICAL', 'STOCKOUT', 'Malaria RDT at Wakiso HC III is out of stock.', 'ACTIVE', NULL, NULL, false, NULL, '2026-06-09 12:34:47.435', '2026-06-09 12:34:47.435');
INSERT INTO public.alerts VALUES ('3a0ea553-86de-436b-8cdc-ef4ddda6bd16', 'd4046f21-6e86-4cc2-b440-08922d557723', 'cf1c1ea2-a5bc-4e77-b8f9-40a336f0f821', 'Metronidazole 400mg', 'WARNING', 'STOCK_CRITICAL', 'Metronidazole 400mg at Entebbe General Hospital is critically low.', 'ACTIVE', NULL, NULL, false, NULL, '2026-06-09 12:34:47.438', '2026-06-09 12:34:47.438');
INSERT INTO public.alerts VALUES ('aa7e3de9-0099-45db-ab83-726f27e83fad', 'd4046f21-6e86-4cc2-b440-08922d557723', 'fc59dee2-7019-4104-b7ec-a422bdf3a46a', 'Ciprofloxacin 500mg', 'CRITICAL', 'STOCKOUT', 'Ciprofloxacin 500mg at Entebbe General Hospital is out of stock.', 'ACKNOWLEDGED', NULL, NULL, false, NULL, '2026-06-09 12:34:47.439', '2026-06-09 12:34:47.439');
INSERT INTO public.alerts VALUES ('09c1b0f5-6dbd-4ec6-aba3-db9b85073dab', 'd4046f21-6e86-4cc2-b440-08922d557723', 'c9c6507b-a866-4434-adfc-6d7e2b7aca5b', 'Tenofovir/Lamivudine/Dolutegravir', 'WARNING', 'STOCK_CRITICAL', 'Tenofovir/Lamivudine/Dolutegravir at Entebbe General Hospital is critically low.', 'RESOLVED', NULL, NULL, false, NULL, '2026-06-09 12:34:47.443', '2026-06-09 12:34:47.443');
INSERT INTO public.alerts VALUES ('5c72a514-fa3a-4194-a078-b546b3b2a055', 'd4046f21-6e86-4cc2-b440-08922d557723', '40d054e6-3880-4b68-9991-b24e926e65ad', 'Zidovudine/Lamivudine', 'CRITICAL', 'STOCKOUT', 'Zidovudine/Lamivudine at Entebbe General Hospital is out of stock.', 'ACTIVE', NULL, NULL, false, NULL, '2026-06-09 12:34:47.444', '2026-06-09 12:34:47.444');
INSERT INTO public.alerts VALUES ('5a51d3a8-cebe-4aee-a3f7-a28ea3148be0', 'd4046f21-6e86-4cc2-b440-08922d557723', 'a43bad01-4d6a-4fa0-8d4a-661346e6285b', 'Enalapril 5mg', 'WARNING', 'STOCK_CRITICAL', 'Enalapril 5mg at Entebbe General Hospital is critically low.', 'ACKNOWLEDGED', NULL, NULL, false, NULL, '2026-06-09 12:34:47.447', '2026-06-09 12:34:47.447');
INSERT INTO public.alerts VALUES ('0ff35570-771f-4fe6-a6d6-eb5b9f25c64f', 'd4046f21-6e86-4cc2-b440-08922d557723', 'a678c9df-520f-45c8-9fd7-a261d465d909', 'Metformin 500mg', 'CRITICAL', 'STOCKOUT', 'Metformin 500mg at Entebbe General Hospital is out of stock.', 'RESOLVED', NULL, NULL, false, NULL, '2026-06-09 12:34:47.448', '2026-06-09 12:34:47.448');
INSERT INTO public.alerts VALUES ('f5b485ca-0575-4320-9062-8398fe02458f', 'd4046f21-6e86-4cc2-b440-08922d557723', 'e8f2281f-41e5-473e-9391-f13f5b33987b', 'Oxytocin 10 IU', 'WARNING', 'STOCK_CRITICAL', 'Oxytocin 10 IU at Entebbe General Hospital is critically low.', 'ACTIVE', NULL, NULL, false, NULL, '2026-06-09 12:34:47.451', '2026-06-09 12:34:47.451');
INSERT INTO public.alerts VALUES ('cebd1aa3-2ed6-4d69-a902-153d5a996480', 'd4046f21-6e86-4cc2-b440-08922d557723', 'f4d02f3a-0125-42d0-976a-bfcf384fb911', 'Ferrous Folate', 'CRITICAL', 'STOCKOUT', 'Ferrous Folate at Entebbe General Hospital is out of stock.', 'ACKNOWLEDGED', NULL, NULL, false, NULL, '2026-06-09 12:34:47.452', '2026-06-09 12:34:47.452');
INSERT INTO public.alerts VALUES ('0e0b859f-b2ba-4cfb-bc5d-dc575da46a89', 'd4046f21-6e86-4cc2-b440-08922d557723', '049bf638-588f-4f6d-8e71-c203a42bdeb2', 'HIV Rapid Test Kit', 'WARNING', 'STOCK_CRITICAL', 'HIV Rapid Test Kit at Entebbe General Hospital is critically low.', 'RESOLVED', NULL, NULL, false, NULL, '2026-06-09 12:34:47.455', '2026-06-09 12:34:47.455');
INSERT INTO public.alerts VALUES ('9d987e88-2da6-4d85-8b19-0633c5f43288', 'd4046f21-6e86-4cc2-b440-08922d557723', 'eb07f5a1-061d-44d1-9876-911fd765469a', 'Malaria RDT', 'CRITICAL', 'STOCKOUT', 'Malaria RDT at Entebbe General Hospital is out of stock.', 'ACTIVE', NULL, NULL, false, NULL, '2026-06-09 12:34:47.457', '2026-06-09 12:34:47.457');

-- Table: resupply_requests
-- No data for resupply_requests

-- Table: audit_logs
-- No data for audit_logs

-- Table: sms_logs
-- No data for sms_logs



-- Re-enable triggers
SET session_replication_role = DEFAULT;

COMMIT;
